Product,Size,Date,Sales,lag_1,lag_2,lag_3,lag_12,roll_3,roll_6
Butter (Salted ) ,200 gm,2024-01-01,48200.0,0.0,0.0,0.0,0.0,0.0,0.0
Butter (Salted ) ,200 gm,2024-02-01,18200.0,48200.0,0.0,0.0,0.0,48200.0,48200.0
Butter (Salted ) ,200 gm,2024-03-01,45000.0,18200.0,48200.0,0.0,0.0,33200.0,33200.0
Butter (Salted ) ,200 gm,2024-04-01,103800.0,45000.0,18200.0,48200.0,0.0,37133.333333333336,37133.333333333336
Butter (Salted ) ,200 gm,2024-05-01,71600.0,103800.0,45000.0,18200.0,0.0,55666.666666666664,53800.0
Butter (Salted ) ,200 gm,2024-06-01,85200.0,71600.0,103800.0,45000.0,0.0,73466.66666666667,57360.0
Butter (Salted ) ,200 gm,2024-07-01,100600.0,85200.0,71600.0,103800.0,0.0,86866.66666666667,62000.0
Butter (Salted ) ,200 gm,2024-08-01,93800.0,100600.0,85200.0,71600.0,0.0,85800.0,70733.33333333333
Butter (Salted ) ,200 gm,2024-09-01,50600.0,93800.0,100600.0,85200.0,0.0,93200.0,83333.33333333333
Butter (Salted ) ,200 gm,2024-10-01,119600.0,50600.0,93800.0,100600.0,0.0,81666.66666666667,84266.66666666667
Butter (Salted ) ,200 gm,2024-11-01,85300.0,119600.0,50600.0,93800.0,0.0,88000.0,86900.0
Butter (Salted ) ,200 gm,2024-12-01,96100.0,85300.0,119600.0,50600.0,0.0,85166.66666666667,89183.33333333333
Butter (Salted ) ,200 gm,2025-01-01,76800.0,96100.0,85300.0,119600.0,48200.0,100333.33333333333,91000.0
Butter (Salted ) ,200 gm,2025-02-01,105600.0,76800.0,96100.0,85300.0,18200.0,86066.66666666667,87033.33333333333
Butter (Salted ) ,200 gm,2025-03-01,78200.0,105600.0,76800.0,96100.0,45000.0,92833.33333333333,89000.0
Butter (Salted ) ,200 gm,2025-04-01,67300.0,78200.0,105600.0,76800.0,103800.0,86866.66666666667,93600.0
Butter (Salted ) ,200 gm,2025-05-01,81400.0,67300.0,78200.0,105600.0,71600.0,83700.0,84883.33333333333
Butter (Unsalted) ,200 gm,2024-01-01,100.0,0.0,0.0,0.0,0.0,72750.0,84800.0
Butter (Unsalted) ,200 gm,2024-02-01,,100.0,0.0,0.0,0.0,33700.0,65600.0
Butter (Unsalted) ,200 gm,2024-03-01,,0.0,100.0,0.0,0.0,100.0,62800.0
Butter (Unsalted) ,200 gm,2024-04-01,0.0,0.0,0.0,100.0,0.0,100.0,48533.333333333336
Butter (Unsalted) ,200 gm,2024-05-01,31000.0,0.0,0.0,0.0,0.0,0.0,22466.666666666668
Butter (Unsalted) ,200 gm,2024-06-01,16800.0,31000.0,0.0,0.0,0.0,15500.0,10366.666666666666
Butter (Unsalted) ,200 gm,2024-07-01,5400.0,16800.0,31000.0,0.0,0.0,15933.333333333334,11975.0
Butter (Unsalted) ,200 gm,2024-08-01,500.0,5400.0,16800.0,31000.0,0.0,17733.333333333332,13300.0
Butter (Unsalted) ,200 gm,2024-09-01,100.0,500.0,5400.0,16800.0,0.0,7566.666666666667,10740.0
Butter (Unsalted) ,200 gm,2024-10-01,15700.0,100.0,500.0,5400.0,0.0,2000.0,8966.666666666666
Butter (Unsalted) ,200 gm,2024-11-01,16800.0,15700.0,100.0,500.0,0.0,5433.333333333333,11583.333333333334
Butter (Unsalted) ,200 gm,2024-12-01,17300.0,16800.0,15700.0,100.0,0.0,10866.666666666666,9216.666666666666
Butter (Unsalted) ,200 gm,2025-01-01,10200.0,17300.0,16800.0,15700.0,100.0,16600.0,9300.0
Butter (Unsalted) ,200 gm,2025-02-01,10400.0,10200.0,17300.0,16800.0,0.0,14766.666666666666,10100.0
Butter (Unsalted) ,200 gm,2025-03-01,10400.0,10400.0,10200.0,17300.0,0.0,12633.333333333334,11750.0
Butter (Unsalted) ,200 gm,2025-04-01,12300.0,10400.0,10400.0,10200.0,0.0,10333.333333333334,13466.666666666666
Butter (Unsalted) ,200 gm,2025-05-01,11900.0,12300.0,10400.0,10400.0,31000.0,11033.333333333334,12900.0
Butter - Bulk  Staff,750g,2024-01-01,900.0,0.0,0.0,0.0,0.0,11350.0,12120.0
Butter - Bulk  Staff,750g,2024-02-01,1100.0,900.0,0.0,0.0,0.0,6600.0,8840.0
Butter - Bulk  Staff,750g,2024-03-01,1100.0,1100.0,900.0,0.0,0.0,1000.0,7020.0
Butter - Bulk  Staff,750g,2024-04-01,1100.0,1100.0,1100.0,900.0,0.0,1033.3333333333333,5160.0
Butter - Bulk  Staff,750g,2024-05-01,1000.0,1100.0,1100.0,1100.0,0.0,1100.0,3300.0
Butter - Bulk  Staff,750g,2024-06-01,1100.0,1000.0,1100.0,1100.0,0.0,1066.6666666666667,1040.0
Butter - Bulk  Staff,750g,2024-07-01,1100.0,1100.0,1000.0,1100.0,0.0,1066.6666666666667,1050.0
Butter - Bulk  Staff,750g,2024-08-01,1100.0,1100.0,1100.0,1000.0,0.0,1066.6666666666667,1083.3333333333333
Butter - Bulk  Staff,750g,2024-09-01,1100.0,1100.0,1100.0,1100.0,0.0,1100.0,1083.3333333333333
Butter - Bulk  Staff,750g,2024-10-01,1100.0,1100.0,1100.0,1100.0,0.0,1100.0,1083.3333333333333
Butter - Bulk  Staff,750g,2024-11-01,1100.0,1100.0,1100.0,1100.0,0.0,1100.0,1083.3333333333333
Butter - Bulk  Staff,750g,2024-12-01,1600.0,1100.0,1100.0,1100.0,0.0,1100.0,1100.0
Butter - Bulk  Staff,750g,2025-01-01,1100.0,1600.0,1100.0,1100.0,900.0,1266.6666666666667,1183.3333333333333
Butter - Bulk  Staff,750g,2025-02-01,1100.0,1100.0,1600.0,1100.0,1100.0,1266.6666666666667,1183.3333333333333
Butter - Bulk  Staff,750g,2025-03-01,1100.0,1100.0,1100.0,1600.0,1100.0,1266.6666666666667,1183.3333333333333
Butter - Bulk  Staff,750g,2025-04-01,1300.0,1100.0,1100.0,1100.0,1100.0,1100.0,1183.3333333333333
Butter - Bulk  Staff,750g,2025-05-01,1000.0,1300.0,1100.0,1100.0,1000.0,1166.6666666666667,1216.6666666666667
Cheese Spread,170 gm,2024-01-01,2000.0,0.0,0.0,0.0,0.0,1200.0,1240.0
Cheese Spread,170 gm,2024-02-01,2000.0,2000.0,0.0,0.0,0.0,1650.0,1320.0
Cheese Spread,170 gm,2024-03-01,2000.0,2000.0,2000.0,0.0,0.0,2000.0,1500.0
Cheese Spread,170 gm,2024-04-01,1000.0,2000.0,2000.0,2000.0,0.0,2000.0,1680.0
Cheese Spread,170 gm,2024-05-01,0.0,1000.0,2000.0,2000.0,0.0,1666.6666666666667,1660.0
Cheese Spread,170 gm,2024-06-01,4000.0,0.0,1000.0,2000.0,0.0,1000.0,1400.0
Cheese Spread,170 gm,2024-07-01,1000.0,4000.0,0.0,1000.0,0.0,1666.6666666666667,1833.3333333333333
Cheese Spread,170 gm,2024-08-01,3000.0,1000.0,4000.0,0.0,0.0,1666.6666666666667,1666.6666666666667
Cheese Spread,170 gm,2024-09-01,1000.0,3000.0,1000.0,4000.0,0.0,2666.6666666666665,1833.3333333333333
Cheese Spread,170 gm,2024-10-01,2000.0,1000.0,3000.0,1000.0,0.0,1666.6666666666667,1666.6666666666667
Cheese Spread,170 gm,2024-11-01,2000.0,2000.0,1000.0,3000.0,0.0,2000.0,1833.3333333333333
Cheese Spread,170 gm,2024-12-01,2000.0,2000.0,2000.0,1000.0,0.0,1666.6666666666667,2166.6666666666665
Cheese Spread,170 gm,2025-01-01,2000.0,2000.0,2000.0,2000.0,2000.0,2000.0,1833.3333333333333
Cheese Spread,170 gm,2025-02-01,100.0,2000.0,2000.0,2000.0,2000.0,2000.0,2000.0
Cheese Spread,170 gm,2025-03-01,2500.0,100.0,2000.0,2000.0,2000.0,1366.6666666666667,1516.6666666666667
Cheese Spread,170 gm,2025-04-01,100.0,2500.0,100.0,2000.0,1000.0,1533.3333333333333,1766.6666666666667
Cheese Spread,170 gm,2025-05-01,1200.0,100.0,2500.0,100.0,0.0,900.0,1450.0
Coffee & Cookies with Dark Chocolate,500ml,2024-01-01,1000.0,0.0,0.0,0.0,0.0,1300.0,1340.0
Coffee & Cookies with Dark Chocolate,500ml,2024-02-01,1000.0,1000.0,0.0,0.0,0.0,550.0,1140.0
Coffee & Cookies with Dark Chocolate,500ml,2024-03-01,1000.0,1000.0,1000.0,0.0,0.0,1000.0,940.0
Coffee & Cookies with Dark Chocolate,500ml,2024-04-01,4000.0,1000.0,1000.0,1000.0,0.0,1000.0,1120.0
Coffee & Cookies with Dark Chocolate,500ml,2024-05-01,2000.0,4000.0,1000.0,1000.0,0.0,2000.0,1420.0
Coffee & Cookies with Dark Chocolate,500ml,2024-06-01,2000.0,2000.0,4000.0,1000.0,0.0,2333.3333333333335,1800.0
Coffee & Cookies with Dark Chocolate,500ml,2024-07-01,3000.0,2000.0,2000.0,4000.0,0.0,2666.6666666666665,1833.3333333333333
Coffee & Cookies with Dark Chocolate,500ml,2024-08-01,2000.0,3000.0,2000.0,2000.0,0.0,2333.3333333333335,2166.6666666666665
Coffee & Cookies with Dark Chocolate,500ml,2024-09-01,2000.0,2000.0,3000.0,2000.0,0.0,2333.3333333333335,2333.3333333333335
Coffee & Cookies with Dark Chocolate,500ml,2024-10-01,2000.0,2000.0,2000.0,3000.0,0.0,2333.3333333333335,2500.0
Coffee & Cookies with Dark Chocolate,500ml,2024-11-01,1000.0,2000.0,2000.0,2000.0,0.0,2000.0,2166.6666666666665
Coffee & Cookies with Dark Chocolate,500ml,2024-12-01,3000.0,1000.0,2000.0,2000.0,0.0,1666.6666666666667,2000.0
Coffee & Cookies with Dark Chocolate,500ml,2025-01-01,1700.0,3000.0,1000.0,2000.0,1000.0,2000.0,2166.6666666666665
Coffee & Cookies with Dark Chocolate,500ml,2025-02-01,1200.0,1700.0,3000.0,1000.0,1000.0,1900.0,1950.0
Coffee & Cookies with Dark Chocolate,500ml,2025-03-01,1200.0,1200.0,1700.0,3000.0,1000.0,1966.6666666666667,1816.6666666666667
Coffee & Cookies with Dark Chocolate,500ml,2025-04-01,1700.0,1200.0,1200.0,1700.0,4000.0,1366.6666666666667,1683.3333333333333
Coffee & Cookies with Dark Chocolate,500ml,2025-05-01,1400.0,1700.0,1200.0,1200.0,2000.0,1366.6666666666667,1633.3333333333333
Condensed Milk,5.1 kg,2024-01-01,14000.0,0.0,0.0,0.0,0.0,1450.0,1760.0
Condensed Milk,5.1 kg,2024-02-01,13000.0,14000.0,0.0,0.0,0.0,7850.0,3960.0
Condensed Milk,5.1 kg,2024-03-01,15000.0,13000.0,14000.0,0.0,0.0,13500.0,6220.0
Condensed Milk,5.1 kg,2024-04-01,15000.0,15000.0,13000.0,14000.0,0.0,14000.0,8980.0
Condensed Milk,5.1 kg,2024-05-01,15000.0,15000.0,15000.0,13000.0,0.0,14333.333333333334,11740.0
Condensed Milk,5.1 kg,2024-06-01,13000.0,15000.0,15000.0,15000.0,0.0,15000.0,14400.0
Condensed Milk,5.1 kg,2024-07-01,16000.0,13000.0,15000.0,15000.0,0.0,14333.333333333334,14166.666666666666
Condensed Milk,5.1 kg,2024-08-01,14000.0,16000.0,13000.0,15000.0,0.0,14666.666666666666,14500.0
Condensed Milk,5.1 kg,2024-09-01,13000.0,14000.0,16000.0,13000.0,0.0,14333.333333333334,14666.666666666666
Condensed Milk,5.1 kg,2024-10-01,14000.0,13000.0,14000.0,16000.0,0.0,14333.333333333334,14333.333333333334
Condensed Milk,5.1 kg,2024-11-01,14000.0,14000.0,13000.0,14000.0,0.0,13666.666666666666,14166.666666666666
Condensed Milk,5.1 kg,2024-12-01,16000.0,14000.0,14000.0,13000.0,0.0,13666.666666666666,14000.0
Condensed Milk,5.1 kg,2025-01-01,14800.0,16000.0,14000.0,14000.0,14000.0,14666.666666666666,14500.0
Condensed Milk,5.1 kg,2025-02-01,15800.0,14800.0,16000.0,14000.0,13000.0,14933.333333333334,14300.0
Condensed Milk,5.1 kg,2025-03-01,15000.0,15800.0,14800.0,16000.0,15000.0,15533.333333333334,14600.0
Condensed Milk,5.1 kg,2025-04-01,15500.0,15000.0,15800.0,14800.0,15000.0,15200.0,14933.333333333334
Condensed Milk,5.1 kg,2025-05-01,18000.0,15500.0,15000.0,15800.0,15000.0,15433.333333333334,15183.333333333334
Condensed Milk,525g,2024-01-01,3000.0,0.0,0.0,0.0,0.0,15250.0,15420.0
Condensed Milk,525g,2024-02-01,16000.0,3000.0,0.0,0.0,0.0,9250.0,12820.0
Condensed Milk,525g,2024-03-01,15000.0,16000.0,3000.0,0.0,0.0,9500.0,13060.0
Condensed Milk,525g,2024-04-01,10000.0,15000.0,16000.0,3000.0,0.0,11333.333333333334,12900.0
Condensed Milk,525g,2024-05-01,5000.0,10000.0,15000.0,16000.0,0.0,13666.666666666666,11900.0
Condensed Milk,525g,2024-06-01,5000.0,5000.0,10000.0,15000.0,0.0,10000.0,9800.0
Condensed Milk,525g,2024-07-01,4000.0,5000.0,5000.0,10000.0,0.0,6666.666666666667,9000.0
Condensed Milk,525g,2024-08-01,5000.0,4000.0,5000.0,5000.0,0.0,4666.666666666667,9166.666666666666
Condensed Milk,525g,2024-09-01,5000.0,5000.0,4000.0,5000.0,0.0,4666.666666666667,7333.333333333333
Condensed Milk,525g,2024-10-01,6000.0,5000.0,5000.0,4000.0,0.0,4666.666666666667,5666.666666666667
Condensed Milk,525g,2024-11-01,5000.0,6000.0,5000.0,5000.0,0.0,5333.333333333333,5000.0
Condensed Milk,525g,2024-12-01,9000.0,5000.0,6000.0,5000.0,0.0,5333.333333333333,5000.0
Condensed Milk,525g,2025-01-01,5600.0,9000.0,5000.0,6000.0,3000.0,6666.666666666667,5666.666666666667
Condensed Milk,525g,2025-02-01,6200.0,5600.0,9000.0,5000.0,16000.0,6533.333333333333,5933.333333333333
Condensed Milk,525g,2025-03-01,7200.0,6200.0,5600.0,9000.0,15000.0,6933.333333333333,6133.333333333333
Condensed Milk,525g,2025-04-01,9100.0,7200.0,6200.0,5600.0,10000.0,6333.333333333333,6500.0
Condensed Milk,525g,2025-05-01,3600.0,9100.0,7200.0,6200.0,5000.0,7500.0,7016.666666666667
Curd (Plain),1 lts,2024-01-01,47000.0,0.0,0.0,0.0,0.0,8150.0,7420.0
Curd (Plain),1 lts,2024-02-01,49000.0,47000.0,0.0,0.0,0.0,28050.0,15020.0
Curd (Plain),1 lts,2024-03-01,56000.0,49000.0,47000.0,0.0,0.0,48000.0,23700.0
Curd (Plain),1 lts,2024-04-01,51000.0,56000.0,49000.0,47000.0,0.0,50666.666666666664,33660.0
Curd (Plain),1 lts,2024-05-01,39000.0,51000.0,56000.0,49000.0,0.0,52000.0,42420.0
Curd (Plain),1 lts,2024-06-01,36000.0,39000.0,51000.0,56000.0,0.0,48666.666666666664,48400.0
Curd (Plain),1 lts,2024-07-01,43000.0,36000.0,39000.0,51000.0,0.0,42000.0,46333.333333333336
Curd (Plain),1 lts,2024-08-01,42000.0,43000.0,36000.0,39000.0,0.0,39333.333333333336,45666.666666666664
Curd (Plain),1 lts,2024-09-01,43000.0,42000.0,43000.0,36000.0,0.0,40333.333333333336,44500.0
Curd (Plain),1 lts,2024-10-01,41000.0,43000.0,42000.0,43000.0,0.0,42666.666666666664,42333.333333333336
Curd (Plain),1 lts,2024-11-01,39000.0,41000.0,43000.0,42000.0,0.0,42000.0,40666.666666666664
Curd (Plain),1 lts,2024-12-01,49000.0,39000.0,41000.0,43000.0,0.0,41000.0,40666.666666666664
Curd (Plain),1 lts,2025-01-01,49100.0,49000.0,39000.0,41000.0,47000.0,43000.0,42833.333333333336
Curd (Plain),1 lts,2025-02-01,50000.0,49100.0,49000.0,39000.0,49000.0,45700.0,43850.0
Curd (Plain),1 lts,2025-03-01,62400.0,50000.0,49100.0,49000.0,56000.0,49366.666666666664,45183.333333333336
Curd (Plain),1 lts,2025-04-01,49900.0,62400.0,50000.0,49100.0,51000.0,53833.333333333336,48416.666666666664
Curd (Plain),1 lts,2025-05-01,47500.0,49900.0,62400.0,50000.0,39000.0,54100.0,49900.0
Curd (Plain),500 ml,2024-01-01,172000.0,0.0,0.0,0.0,0.0,56150.0,52080.0
Curd (Plain),500 ml,2024-02-01,181000.0,172000.0,0.0,0.0,0.0,110950.0,76680.0
Curd (Plain),500 ml,2024-03-01,250000.0,181000.0,172000.0,0.0,0.0,176500.0,103060.0
Curd (Plain),500 ml,2024-04-01,195000.0,250000.0,181000.0,172000.0,0.0,201000.0,143060.0
Curd (Plain),500 ml,2024-05-01,164000.0,195000.0,250000.0,181000.0,0.0,208666.66666666666,169580.0
Curd (Plain),500 ml,2024-06-01,156000.0,164000.0,195000.0,250000.0,0.0,203000.0,192400.0
Curd (Plain),500 ml,2024-07-01,175000.0,156000.0,164000.0,195000.0,0.0,171666.66666666666,186333.33333333334
Curd (Plain),500 ml,2024-08-01,186000.0,175000.0,156000.0,164000.0,0.0,165000.0,186833.33333333334
Curd (Plain),500 ml,2024-09-01,165000.0,186000.0,175000.0,156000.0,0.0,172333.33333333334,187666.66666666666
Curd (Plain),500 ml,2024-10-01,178000.0,165000.0,186000.0,175000.0,0.0,175333.33333333334,173500.0
Curd (Plain),500 ml,2024-11-01,166000.0,178000.0,165000.0,186000.0,0.0,176333.33333333334,170666.66666666666
Curd (Plain),500 ml,2024-12-01,181000.0,166000.0,178000.0,165000.0,0.0,169666.66666666666,171000.0
Curd (Plain),500 ml,2025-01-01,179200.0,181000.0,166000.0,178000.0,172000.0,175000.0,175166.66666666666
Curd (Plain),500 ml,2025-02-01,192900.0,179200.0,181000.0,166000.0,181000.0,175400.0,175866.66666666666
Curd (Plain),500 ml,2025-03-01,239500.0,192900.0,179200.0,181000.0,250000.0,184366.66666666666,177016.66666666666
Curd (Plain),500 ml,2025-04-01,179700.0,239500.0,192900.0,179200.0,195000.0,203866.66666666666,189433.33333333334
Curd (Plain),500 ml,2025-05-01,168700.0,179700.0,239500.0,192900.0,164000.0,204033.33333333334,189716.66666666666
Ghee -Bottle,300ml,2024-01-01,2400.0,0.0,0.0,0.0,0.0,209600.0,194460.0
Ghee -Bottle,300ml,2024-02-01,1100.0,2400.0,0.0,0.0,0.0,91050.0,158740.0
Ghee -Bottle,300ml,2024-03-01,600.0,1100.0,2400.0,0.0,0.0,1750.0,123120.0
Ghee -Bottle,300ml,2024-04-01,800.0,600.0,1100.0,2400.0,0.0,1366.6666666666667,84660.0
Ghee -Bottle,300ml,2024-05-01,100.0,800.0,600.0,1100.0,0.0,833.3333333333334,36920.0
Ghee -Bottle,300ml,2024-06-01,3400.0,100.0,800.0,600.0,0.0,500.0,1000.0
Ghee -Bottle,300ml,2024-07-01,3700.0,3400.0,100.0,800.0,0.0,1433.3333333333333,1400.0
Ghee -Bottle,300ml,2024-08-01,7000.0,3700.0,3400.0,100.0,0.0,2400.0,1616.6666666666667
Ghee -Bottle,300ml,2024-09-01,4200.0,7000.0,3700.0,3400.0,0.0,4700.0,2600.0
Ghee -Bottle,300ml,2024-10-01,7700.0,4200.0,7000.0,3700.0,0.0,4966.666666666667,3200.0
Ghee -Bottle,300ml,2024-11-01,4800.0,7700.0,4200.0,7000.0,0.0,6300.0,4350.0
Ghee -Bottle,300ml,2024-12-01,7400.0,4800.0,7700.0,4200.0,0.0,5566.666666666667,5133.333333333333
Ghee -Bottle,300ml,2025-01-01,8000.0,7400.0,4800.0,7700.0,2400.0,6633.333333333333,5800.0
Ghee -Bottle,300ml,2025-02-01,7000.0,8000.0,7400.0,4800.0,1100.0,6733.333333333333,6516.666666666667
Ghee -Bottle,300ml,2025-03-01,6000.0,7000.0,8000.0,7400.0,600.0,7466.666666666667,6516.666666666667
Ghee -Bottle,300ml,2025-04-01,6000.0,6000.0,7000.0,8000.0,800.0,7000.0,6816.666666666667
Ghee -Bottle,300ml,2025-05-01,6000.0,6000.0,6000.0,7000.0,100.0,6333.333333333333,6533.333333333333
Ghee Bottle  ,500 ML,2024-01-01,1700.0,0.0,0.0,0.0,0.0,6000.0,6880.0
Ghee Bottle  ,500 ML,2024-02-01,100.0,1700.0,0.0,0.0,0.0,3850.0,5740.0
Ghee Bottle  ,500 ML,2024-03-01,100.0,100.0,1700.0,0.0,0.0,900.0,4160.0
Ghee Bottle  ,500 ML,2024-04-01,600.0,100.0,100.0,1700.0,0.0,633.3333333333334,2780.0
Ghee Bottle  ,500 ML,2024-05-01,0.0,600.0,100.0,100.0,0.0,266.6666666666667,1700.0
Ghee Bottle  ,500 ML,2024-06-01,1800.0,0.0,600.0,100.0,0.0,233.33333333333334,500.0
Ghee Bottle  ,500 ML,2024-07-01,2400.0,1800.0,0.0,600.0,0.0,800.0,716.6666666666666
Ghee Bottle  ,500 ML,2024-08-01,8500.0,2400.0,1800.0,0.0,0.0,1400.0,833.3333333333334
Ghee Bottle  ,500 ML,2024-09-01,2900.0,8500.0,2400.0,1800.0,0.0,4233.333333333333,2233.3333333333335
Ghee Bottle  ,500 ML,2024-10-01,2400.0,2900.0,8500.0,2400.0,0.0,4600.0,2700.0
Ghee Bottle  ,500 ML,2024-11-01,2200.0,2400.0,2900.0,8500.0,0.0,4600.0,3000.0
Ghee Bottle  ,500 ML,2024-12-01,3300.0,2200.0,2400.0,2900.0,0.0,2500.0,3366.6666666666665
Ghee Bottle  ,500 ML,2025-01-01,4000.0,3300.0,2200.0,2400.0,1700.0,2633.3333333333335,3616.6666666666665
Ghee Bottle  ,500 ML,2025-02-01,3000.0,4000.0,3300.0,2200.0,100.0,3166.6666666666665,3883.3333333333335
Ghee Bottle  ,500 ML,2025-03-01,3000.0,3000.0,4000.0,3300.0,100.0,3433.3333333333335,2966.6666666666665
Ghee Bottle  ,500 ML,2025-04-01,3000.0,3000.0,3000.0,4000.0,600.0,3333.3333333333335,2983.3333333333335
Ghee Bottle  ,500 ML,2025-05-01,3000.0,3000.0,3000.0,3000.0,0.0,3000.0,3083.3333333333335
Ghee Can  ,3.5 kg,2024-01-01,0.0,0.0,0.0,0.0,0.0,3000.0,3260.0
Ghee Can  ,3.5 kg,2024-02-01,100.0,0.0,0.0,0.0,0.0,1500.0,2600.0
Ghee Can  ,3.5 kg,2024-03-01,0.0,100.0,0.0,0.0,0.0,50.0,1820.0
Ghee Can  ,3.5 kg,2024-04-01,0.0,0.0,100.0,0.0,0.0,33.333333333333336,1220.0
Ghee Can  ,3.5 kg,2024-05-01,0.0,0.0,0.0,100.0,0.0,33.333333333333336,620.0
Ghee Can  ,3.5 kg,2024-06-01,100.0,0.0,0.0,0.0,0.0,0.0,20.0
Ghee Can  ,3.5 kg,2024-07-01,0.0,100.0,0.0,0.0,0.0,33.333333333333336,33.333333333333336
Ghee Can  ,3.5 kg,2024-08-01,700.0,0.0,100.0,0.0,0.0,33.333333333333336,33.333333333333336
Ghee Can  ,3.5 kg,2024-09-01,200.0,700.0,0.0,100.0,0.0,266.6666666666667,133.33333333333334
Ghee Can  ,3.5 kg,2024-10-01,700.0,200.0,700.0,0.0,0.0,300.0,166.66666666666666
Ghee Can  ,3.5 kg,2024-11-01,400.0,700.0,200.0,700.0,0.0,533.3333333333334,283.3333333333333
Ghee Can  ,3.5 kg,2024-12-01,600.0,400.0,700.0,200.0,0.0,433.3333333333333,350.0
Ghee Can  ,3.5 kg,2025-01-01,2000.0,600.0,400.0,700.0,0.0,566.6666666666666,433.3333333333333
Ghee Can  ,3.5 kg,2025-02-01,2000.0,2000.0,600.0,400.0,100.0,1000.0,766.6666666666666
Ghee Can  ,3.5 kg,2025-03-01,1000.0,2000.0,2000.0,600.0,0.0,1533.3333333333333,983.3333333333334
Ghee Can  ,3.5 kg,2025-04-01,1000.0,1000.0,2000.0,2000.0,0.0,1666.6666666666667,1116.6666666666667
Ghee Can  ,3.5 kg,2025-05-01,1000.0,1000.0,1000.0,2000.0,0.0,1333.3333333333333,1166.6666666666667
Ice.Cream  ,500 ml,2024-01-01,33500.0,0.0,0.0,0.0,0.0,1000.0,1320.0
Ice.Cream  ,500 ml,2024-02-01,32000.0,33500.0,0.0,0.0,0.0,17250.0,7900.0
Ice.Cream  ,500 ml,2024-03-01,44200.0,32000.0,33500.0,0.0,0.0,32750.0,13900.0
Ice.Cream  ,500 ml,2024-04-01,41400.0,44200.0,32000.0,33500.0,0.0,36566.666666666664,22340.0
Ice.Cream  ,500 ml,2024-05-01,26600.0,41400.0,44200.0,32000.0,0.0,39200.0,30420.0
Ice.Cream  ,500 ml,2024-06-01,24400.0,26600.0,41400.0,44200.0,0.0,37400.0,35540.0
Ice.Cream  ,500 ml,2024-07-01,28100.0,24400.0,26600.0,41400.0,0.0,30800.0,33683.333333333336
Ice.Cream  ,500 ml,2024-08-01,29700.0,28100.0,24400.0,26600.0,0.0,26366.666666666668,32783.333333333336
Ice.Cream  ,500 ml,2024-09-01,28900.0,29700.0,28100.0,24400.0,0.0,27400.0,32400.0
Ice.Cream  ,500 ml,2024-10-01,27900.0,28900.0,29700.0,28100.0,0.0,28900.0,29850.0
Ice.Cream  ,500 ml,2024-11-01,20300.0,27900.0,28900.0,29700.0,0.0,28833.333333333332,27600.0
Ice.Cream  ,500 ml,2024-12-01,27700.0,20300.0,27900.0,28900.0,0.0,25700.0,26550.0
Ice.Cream  ,500 ml,2025-01-01,22800.0,27700.0,20300.0,27900.0,33500.0,25300.0,27100.0
Ice.Cream  ,500 ml,2025-02-01,26100.0,22800.0,27700.0,20300.0,32000.0,23600.0,26216.666666666668
Ice.Cream  ,500 ml,2025-03-01,29300.0,26100.0,22800.0,27700.0,44200.0,25533.333333333332,25616.666666666668
Ice.Cream  ,500 ml,2025-04-01,26000.0,29300.0,26100.0,22800.0,41400.0,26066.666666666668,25683.333333333332
Ice.Cream  ,500 ml,2025-05-01,24300.0,26000.0,29300.0,26100.0,26600.0,27133.333333333332,25366.666666666668
Ice.Cream   (Fruit  Nut),1 lts,2024-01-01,16900.0,0.0,0.0,0.0,0.0,27650.0,26380.0
Ice.Cream   (Fruit  Nut),1 lts,2024-02-01,17300.0,16900.0,0.0,0.0,0.0,21450.0,24220.0
Ice.Cream   (Fruit  Nut),1 lts,2024-03-01,22000.0,17300.0,16900.0,0.0,0.0,17100.0,23120.0
Ice.Cream   (Fruit  Nut),1 lts,2024-04-01,20600.0,22000.0,17300.0,16900.0,0.0,18733.333333333332,22300.0
Ice.Cream   (Fruit  Nut),1 lts,2024-05-01,14300.0,20600.0,22000.0,17300.0,0.0,19966.666666666668,20560.0
Ice.Cream   (Fruit  Nut),1 lts,2024-06-01,11600.0,14300.0,20600.0,22000.0,0.0,18966.666666666668,18220.0
Ice.Cream   (Fruit  Nut),1 lts,2024-07-01,15300.0,11600.0,14300.0,20600.0,0.0,15500.0,17116.666666666668
Ice.Cream   (Fruit  Nut),1 lts,2024-08-01,15200.0,15300.0,11600.0,14300.0,0.0,13733.333333333334,16850.0
Ice.Cream   (Fruit  Nut),1 lts,2024-09-01,15100.0,15200.0,15300.0,11600.0,0.0,14033.333333333334,16500.0
Ice.Cream   (Fruit  Nut),1 lts,2024-10-01,14000.0,15100.0,15200.0,15300.0,0.0,15200.0,15350.0
Ice.Cream   (Fruit  Nut),1 lts,2024-11-01,11900.0,14000.0,15100.0,15200.0,0.0,14766.666666666666,14250.0
Ice.Cream   (Fruit  Nut),1 lts,2024-12-01,15400.0,11900.0,14000.0,15100.0,0.0,13666.666666666666,13850.0
Ice.Cream   (Fruit  Nut),1 lts,2025-01-01,14500.0,15400.0,11900.0,14000.0,16900.0,13766.666666666666,14483.333333333334
Ice.Cream   (Fruit  Nut),1 lts,2025-02-01,11500.0,14500.0,15400.0,11900.0,17300.0,13933.333333333334,14350.0
Ice.Cream   (Fruit  Nut),1 lts,2025-03-01,16500.0,11500.0,14500.0,15400.0,22000.0,13800.0,13733.333333333334
Ice.Cream   (Fruit  Nut),1 lts,2025-04-01,18600.0,16500.0,11500.0,14500.0,20600.0,14166.666666666666,13966.666666666666
Ice.Cream   (Fruit  Nut),1 lts,2025-05-01,15900.0,18600.0,16500.0,11500.0,14300.0,15533.333333333334,14733.333333333334
Ice.Cream   (container),1 lts,2024-01-01,151000.0,0.0,0.0,0.0,0.0,17550.0,15300.0
Ice.Cream   (container),1 lts,2024-02-01,149000.0,151000.0,0.0,0.0,0.0,84800.0,42420.0
Ice.Cream   (container),1 lts,2024-03-01,175000.0,149000.0,151000.0,0.0,0.0,150000.0,69320.0
Ice.Cream   (container),1 lts,2024-04-01,218000.0,175000.0,149000.0,151000.0,0.0,158333.33333333334,102020.0
Ice.Cream   (container),1 lts,2024-05-01,134000.0,218000.0,175000.0,149000.0,0.0,180666.66666666666,142320.0
Ice.Cream   (container),1 lts,2024-06-01,116000.0,134000.0,218000.0,175000.0,0.0,175666.66666666666,165400.0
Ice.Cream   (container),1 lts,2024-07-01,125000.0,116000.0,134000.0,218000.0,0.0,156000.0,157166.66666666666
Ice.Cream   (container),1 lts,2024-08-01,127000.0,125000.0,116000.0,134000.0,0.0,125000.0,152833.33333333334
Ice.Cream   (container),1 lts,2024-09-01,126000.0,127000.0,125000.0,116000.0,0.0,122666.66666666667,149166.66666666666
Ice.Cream   (container),1 lts,2024-10-01,115000.0,126000.0,127000.0,125000.0,0.0,126000.0,141000.0
Ice.Cream   (container),1 lts,2024-11-01,96000.0,115000.0,126000.0,127000.0,0.0,122666.66666666667,123833.33333333333
Ice.Cream   (container),1 lts,2024-12-01,122000.0,96000.0,115000.0,126000.0,0.0,112333.33333333333,117500.0
Ice.Cream   (container),1 lts,2025-01-01,108000.0,122000.0,96000.0,115000.0,151000.0,111000.0,118500.0
Ice.Cream   (container),1 lts,2025-02-01,102000.0,108000.0,122000.0,96000.0,149000.0,108666.66666666667,115666.66666666667
Ice.Cream   (container),1 lts,2025-03-01,134000.0,102000.0,108000.0,122000.0,175000.0,110666.66666666667,111500.0
Ice.Cream   (container),1 lts,2025-04-01,179000.0,134000.0,102000.0,108000.0,218000.0,114666.66666666667,112833.33333333333
Ice.Cream   (container),1 lts,2025-05-01,110000.0,179000.0,134000.0,102000.0,134000.0,138333.33333333334,123500.0
Ice.Cream   (container),2 lts,2024-01-01,37000.0,0.0,0.0,0.0,0.0,156500.0,129000.0
Ice.Cream   (container),2 lts,2024-02-01,36000.0,37000.0,0.0,0.0,0.0,108000.0,112000.0
Ice.Cream   (container),2 lts,2024-03-01,40000.0,36000.0,37000.0,0.0,0.0,36500.0,97600.0
Ice.Cream   (container),2 lts,2024-04-01,51000.0,40000.0,36000.0,37000.0,0.0,37666.666666666664,85200.0
Ice.Cream   (container),2 lts,2024-05-01,31000.0,51000.0,40000.0,36000.0,0.0,42333.333333333336,68600.0
Ice.Cream   (container),2 lts,2024-06-01,25000.0,31000.0,51000.0,40000.0,0.0,40666.666666666664,39000.0
Ice.Cream   (container),2 lts,2024-07-01,27000.0,25000.0,31000.0,51000.0,0.0,35666.666666666664,36666.666666666664
Ice.Cream   (container),2 lts,2024-08-01,28000.0,27000.0,25000.0,31000.0,0.0,27666.666666666668,35000.0
Ice.Cream   (container),2 lts,2024-09-01,27000.0,28000.0,27000.0,25000.0,0.0,26666.666666666668,33666.666666666664
Ice.Cream   (container),2 lts,2024-10-01,26000.0,27000.0,28000.0,27000.0,0.0,27333.333333333332,31500.0
Ice.Cream   (container),2 lts,2024-11-01,21000.0,26000.0,27000.0,28000.0,0.0,27000.0,27333.333333333332
Ice.Cream   (container),2 lts,2024-12-01,28000.0,21000.0,26000.0,27000.0,0.0,24666.666666666668,25666.666666666668
Ice.Cream   (container),2 lts,2025-01-01,24000.0,28000.0,21000.0,26000.0,37000.0,25000.0,26166.666666666668
Ice.Cream   (container),2 lts,2025-02-01,24000.0,24000.0,28000.0,21000.0,36000.0,24333.333333333332,25666.666666666668
Ice.Cream   (container),2 lts,2025-03-01,26000.0,24000.0,24000.0,28000.0,40000.0,25333.333333333332,25000.0
Ice.Cream   (container),2 lts,2025-04-01,37000.0,26000.0,24000.0,24000.0,51000.0,24666.666666666668,24833.333333333332
Ice.Cream   (container),2 lts,2025-05-01,25000.0,37000.0,26000.0,24000.0,31000.0,29000.0,26666.666666666668
Ice.Cream   (container),4 lts,2024-01-01,29000.0,0.0,0.0,0.0,0.0,31500.0,27800.0
Ice.Cream   (container),4 lts,2024-02-01,24000.0,29000.0,0.0,0.0,0.0,33000.0,28000.0
Ice.Cream   (container),4 lts,2024-03-01,25000.0,24000.0,29000.0,0.0,0.0,26500.0,28000.0
Ice.Cream   (container),4 lts,2024-04-01,27000.0,25000.0,24000.0,29000.0,0.0,26000.0,28200.0
Ice.Cream   (container),4 lts,2024-05-01,29000.0,27000.0,25000.0,24000.0,0.0,25333.333333333332,28400.0
Ice.Cream   (container),4 lts,2024-06-01,24000.0,29000.0,27000.0,25000.0,0.0,27000.0,26800.0
Ice.Cream   (container),4 lts,2024-07-01,18000.0,24000.0,29000.0,27000.0,0.0,26666.666666666668,26333.333333333332
Ice.Cream   (container),4 lts,2024-08-01,20000.0,18000.0,24000.0,29000.0,0.0,23666.666666666668,24500.0
Ice.Cream   (container),4 lts,2024-09-01,18000.0,20000.0,18000.0,24000.0,0.0,20666.666666666668,23833.333333333332
Ice.Cream   (container),4 lts,2024-10-01,18000.0,18000.0,20000.0,18000.0,0.0,18666.666666666668,22666.666666666668
Ice.Cream   (container),4 lts,2024-11-01,13000.0,18000.0,18000.0,20000.0,0.0,18666.666666666668,21166.666666666668
Ice.Cream   (container),4 lts,2024-12-01,18000.0,13000.0,18000.0,18000.0,0.0,16333.333333333334,18500.0
Ice.Cream   (container),4 lts,2025-01-01,15000.0,18000.0,13000.0,18000.0,29000.0,16333.333333333334,17500.0
Ice.Cream   (container),4 lts,2025-02-01,16000.0,15000.0,18000.0,13000.0,24000.0,15333.333333333334,17000.0
Ice.Cream   (container),4 lts,2025-03-01,18000.0,16000.0,15000.0,18000.0,25000.0,16333.333333333334,16333.333333333334
Ice.Cream   (container),4 lts,2025-04-01,20000.0,18000.0,16000.0,15000.0,27000.0,16333.333333333334,16333.333333333334
Ice.Cream   (container),4 lts,2025-05-01,29000.0,20000.0,18000.0,16000.0,29000.0,18000.0,16666.666666666668
Ice.Cream   cup,80 ml,2024-01-01,7400.0,0.0,0.0,0.0,0.0,19000.0,17400.0
Ice.Cream   cup,80 ml,2024-02-01,30000.0,7400.0,0.0,0.0,0.0,13700.0,15280.0
Ice.Cream   cup,80 ml,2024-03-01,31300.0,30000.0,7400.0,0.0,0.0,18700.0,18280.0
Ice.Cream   cup,80 ml,2024-04-01,14500.0,31300.0,30000.0,7400.0,0.0,22900.0,21340.0
Ice.Cream   cup,80 ml,2024-05-01,44300.0,14500.0,31300.0,30000.0,0.0,25266.666666666668,20640.0
Ice.Cream   cup,80 ml,2024-06-01,31900.0,44300.0,14500.0,31300.0,0.0,30033.333333333332,25500.0
Ice.Cream   cup,80 ml,2024-07-01,22100.0,31900.0,44300.0,14500.0,0.0,30233.333333333332,26566.666666666668
Ice.Cream   cup,80 ml,2024-08-01,29600.0,22100.0,31900.0,44300.0,0.0,32766.666666666668,29016.666666666668
Ice.Cream   cup,80 ml,2024-09-01,5400.0,29600.0,22100.0,31900.0,0.0,27866.666666666668,28950.0
Ice.Cream   cup,80 ml,2024-10-01,600.0,5400.0,29600.0,22100.0,0.0,19033.333333333332,24633.333333333332
Ice.Cream   cup,80 ml,2024-11-01,17800.0,600.0,5400.0,29600.0,0.0,11866.666666666666,22316.666666666668
Ice.Cream   cup,80 ml,2024-12-01,32300.0,17800.0,600.0,5400.0,0.0,7933.333333333333,17900.0
Ice.Cream   cup,80 ml,2025-01-01,25200.0,32300.0,17800.0,600.0,7400.0,16900.0,17966.666666666668
Ice.Cream   cup,80 ml,2025-02-01,29000.0,25200.0,32300.0,17800.0,30000.0,25100.0,18483.333333333332
Ice.Cream   cup,80 ml,2025-03-01,27700.0,29000.0,25200.0,32300.0,31300.0,28833.333333333332,18383.333333333332
Ice.Cream   cup,80 ml,2025-04-01,10600.0,27700.0,29000.0,25200.0,14500.0,27300.0,22100.0
Ice.Cream   cup,80 ml,2025-05-01,7200.0,10600.0,27700.0,29000.0,44300.0,22433.333333333332,23766.666666666668
Ice.Cream  (Butt Scotch),1 lts,2024-01-01,7000.0,0.0,0.0,0.0,0.0,19150.0,24960.0
Ice.Cream  (Butt Scotch),1 lts,2024-02-01,5900.0,7000.0,0.0,0.0,0.0,8800.0,19900.0
Ice.Cream  (Butt Scotch),1 lts,2024-03-01,10200.0,5900.0,7000.0,0.0,0.0,6450.0,16040.0
Ice.Cream  (Butt Scotch),1 lts,2024-04-01,8700.0,10200.0,5900.0,7000.0,0.0,7700.0,12280.0
Ice.Cream  (Butt Scotch),1 lts,2024-05-01,5500.0,8700.0,10200.0,5900.0,0.0,8266.666666666666,8480.0
Ice.Cream  (Butt Scotch),1 lts,2024-06-01,5600.0,5500.0,8700.0,10200.0,0.0,8133.333333333333,7460.0
Ice.Cream  (Butt Scotch),1 lts,2024-07-01,6200.0,5600.0,5500.0,8700.0,0.0,6600.0,7150.0
Ice.Cream  (Butt Scotch),1 lts,2024-08-01,6300.0,6200.0,5600.0,5500.0,0.0,5766.666666666667,7016.666666666667
Ice.Cream  (Butt Scotch),1 lts,2024-09-01,5800.0,6300.0,6200.0,5600.0,0.0,6033.333333333333,7083.333333333333
Ice.Cream  (Butt Scotch),1 lts,2024-10-01,6500.0,5800.0,6300.0,6200.0,0.0,6100.0,6350.0
Ice.Cream  (Butt Scotch),1 lts,2024-11-01,4800.0,6500.0,5800.0,6300.0,0.0,6200.0,5983.333333333333
Ice.Cream  (Butt Scotch),1 lts,2024-12-01,7500.0,4800.0,6500.0,5800.0,0.0,5700.0,5866.666666666667
Ice.Cream  (Butt Scotch),1 lts,2025-01-01,5600.0,7500.0,4800.0,6500.0,7000.0,6266.666666666667,6183.333333333333
Ice.Cream  (Butt Scotch),1 lts,2025-02-01,5700.0,5600.0,7500.0,4800.0,5900.0,5966.666666666667,6083.333333333333
Ice.Cream  (Butt Scotch),1 lts,2025-03-01,6600.0,5700.0,5600.0,7500.0,10200.0,6266.666666666667,5983.333333333333
Ice.Cream  (Butt Scotch),1 lts,2025-04-01,5800.0,6600.0,5700.0,5600.0,8700.0,5966.666666666667,6116.666666666667
Ice.Cream  (Butt Scotch),1 lts,2025-05-01,4100.0,5800.0,6600.0,5700.0,5500.0,6033.333333333333,6000.0
Ice.Cream  (Fruit Nut),2 lts,2024-01-01,1600.0,0.0,0.0,0.0,0.0,6200.0,6240.0
Ice.Cream  (Fruit Nut),2 lts,2024-02-01,1200.0,1600.0,0.0,0.0,0.0,3700.0,5060.0
Ice.Cream  (Fruit Nut),2 lts,2024-03-01,1400.0,1200.0,1600.0,0.0,0.0,1400.0,4180.0
Ice.Cream  (Fruit Nut),2 lts,2024-04-01,1600.0,1400.0,1200.0,1600.0,0.0,1400.0,3320.0
Ice.Cream  (Fruit Nut),2 lts,2024-05-01,800.0,1600.0,1400.0,1200.0,0.0,1400.0,2320.0
Ice.Cream  (Fruit Nut),2 lts,2024-06-01,1000.0,800.0,1600.0,1400.0,0.0,1266.6666666666667,1320.0
Ice.Cream  (Fruit Nut),2 lts,2024-07-01,800.0,1000.0,800.0,1600.0,0.0,1133.3333333333333,1266.6666666666667
Ice.Cream  (Fruit Nut),2 lts,2024-08-01,1100.0,800.0,1000.0,800.0,0.0,866.6666666666666,1133.3333333333333
Ice.Cream  (Fruit Nut),2 lts,2024-09-01,1100.0,1100.0,800.0,1000.0,0.0,966.6666666666666,1116.6666666666667
Ice.Cream  (Fruit Nut),2 lts,2024-10-01,800.0,1100.0,1100.0,800.0,0.0,1000.0,1066.6666666666667
Ice.Cream  (Fruit Nut),2 lts,2024-11-01,700.0,800.0,1100.0,1100.0,0.0,1000.0,933.3333333333334
Ice.Cream  (Fruit Nut),2 lts,2024-12-01,1300.0,700.0,800.0,1100.0,0.0,866.6666666666666,916.6666666666666
Ice.Cream  (Fruit Nut),2 lts,2025-01-01,1000.0,1300.0,700.0,800.0,1600.0,933.3333333333334,966.6666666666666
Ice.Cream  (Fruit Nut),2 lts,2025-02-01,1100.0,1000.0,1300.0,700.0,1200.0,1000.0,1000.0
Ice.Cream  (Fruit Nut),2 lts,2025-03-01,900.0,1100.0,1000.0,1300.0,1400.0,1133.3333333333333,1000.0
Ice.Cream  (Fruit Nut),2 lts,2025-04-01,1200.0,900.0,1100.0,1000.0,1600.0,1000.0,966.6666666666666
Ice.Cream  (Fruit Nut),2 lts,2025-05-01,900.0,1200.0,900.0,1100.0,800.0,1066.6666666666667,1033.3333333333333
Ice.Cream  -Coffee,1 lts,2024-01-01,5400.0,0.0,0.0,0.0,0.0,1050.0,1100.0
Ice.Cream  -Coffee,1 lts,2024-02-01,4900.0,5400.0,0.0,0.0,0.0,3300.0,1920.0
Ice.Cream  -Coffee,1 lts,2024-03-01,5700.0,4900.0,5400.0,0.0,0.0,5150.0,2700.0
Ice.Cream  -Coffee,1 lts,2024-04-01,4400.0,5700.0,4900.0,5400.0,0.0,5333.333333333333,3620.0
Ice.Cream  -Coffee,1 lts,2024-05-01,1700.0,4400.0,5700.0,4900.0,0.0,5000.0,4320.0
Ice.Cream  -Coffee,1 lts,2024-06-01,4100.0,1700.0,4400.0,5700.0,0.0,3933.3333333333335,4420.0
Ice.Cream  -Coffee,1 lts,2024-07-01,4500.0,4100.0,1700.0,4400.0,0.0,3400.0,4366.666666666667
Ice.Cream  -Coffee,1 lts,2024-08-01,4400.0,4500.0,4100.0,1700.0,0.0,3433.3333333333335,4216.666666666667
Ice.Cream  -Coffee,1 lts,2024-09-01,4900.0,4400.0,4500.0,4100.0,0.0,4333.333333333333,4133.333333333333
Ice.Cream  -Coffee,1 lts,2024-10-01,4900.0,4900.0,4400.0,4500.0,0.0,4600.0,4000.0
Ice.Cream  -Coffee,1 lts,2024-11-01,2200.0,4900.0,4900.0,4400.0,0.0,4733.333333333333,4083.3333333333335
Ice.Cream  -Coffee,1 lts,2024-12-01,4700.0,2200.0,4900.0,4900.0,0.0,4000.0,4166.666666666667
Ice.Cream  -Coffee,1 lts,2025-01-01,2600.0,4700.0,2200.0,4900.0,5400.0,3933.3333333333335,4266.666666666667
Ice.Cream  -Coffee,1 lts,2025-02-01,3600.0,2600.0,4700.0,2200.0,4900.0,3166.6666666666665,3950.0
Ice.Cream  -Coffee,1 lts,2025-03-01,4400.0,3600.0,2600.0,4700.0,5700.0,3633.3333333333335,3816.6666666666665
Ice.Cream  -Coffee,1 lts,2025-04-01,3600.0,4400.0,3600.0,2600.0,4400.0,3533.3333333333335,3733.3333333333335
Ice.Cream  -Coffee,1 lts,2025-05-01,4100.0,3600.0,4400.0,3600.0,1700.0,3866.6666666666665,3516.6666666666665
M/ P  -F/Cream  ,400 gm,2024-01-01,21000.0,0.0,0.0,0.0,0.0,4000.0,3780.0
M/ P  -F/Cream  ,400 gm,2024-02-01,90000.0,21000.0,0.0,0.0,0.0,12300.0,7040.0
M/ P  -F/Cream  ,400 gm,2024-03-01,136000.0,90000.0,21000.0,0.0,0.0,55500.0,24520.0
M/ P  -F/Cream  ,400 gm,2024-04-01,131000.0,136000.0,90000.0,21000.0,0.0,82333.33333333333,51000.0
M/ P  -F/Cream  ,400 gm,2024-05-01,380000.0,131000.0,136000.0,90000.0,0.0,119000.0,76320.0
M/ P  -F/Cream  ,400 gm,2024-06-01,449000.0,380000.0,131000.0,136000.0,0.0,215666.66666666666,151600.0
M/ P  -F/Cream  ,400 gm,2024-07-01,581000.0,449000.0,380000.0,131000.0,0.0,320000.0,201166.66666666666
M/ P  -F/Cream  ,400 gm,2024-08-01,359000.0,581000.0,449000.0,380000.0,0.0,470000.0,294500.0
M/ P  -F/Cream  ,400 gm,2024-09-01,413000.0,359000.0,581000.0,449000.0,0.0,463000.0,339333.3333333333
M/ P  -F/Cream  ,400 gm,2024-10-01,693000.0,413000.0,359000.0,581000.0,0.0,451000.0,385500.0
M/ P  -F/Cream  ,400 gm,2024-11-01,335000.0,693000.0,413000.0,359000.0,0.0,488333.3333333333,479166.6666666667
M/ P  -F/Cream  ,400 gm,2024-12-01,414000.0,335000.0,693000.0,413000.0,0.0,480333.3333333333,471666.6666666667
M/ P  -F/Cream  ,400 gm,2025-01-01,185200.0,414000.0,335000.0,693000.0,21000.0,480666.6666666667,465833.3333333333
M/ P  -F/Cream  ,400 gm,2025-02-01,229800.0,185200.0,414000.0,335000.0,90000.0,311400.0,399866.6666666667
M/ P  -F/Cream  ,400 gm,2025-03-01,248400.0,229800.0,185200.0,414000.0,136000.0,276333.3333333333,378333.3333333333
M/ P  -F/Cream  ,400 gm,2025-04-01,243600.0,248400.0,229800.0,185200.0,131000.0,221133.33333333334,350900.0
M/ P  -F/Cream  ,400 gm,2025-05-01,524800.0,243600.0,248400.0,229800.0,380000.0,240600.0,276000.0
M/ P  -F/Cream  (Gold),400 gm,2024-01-01,0.0,0.0,0.0,0.0,0.0,246000.0,264200.0
M/ P  -F/Cream  (Gold),400 gm,2024-02-01,0.0,0.0,0.0,0.0,0.0,121800.0,181400.0
M/ P  -F/Cream  (Gold),400 gm,2024-03-01,0.0,0.0,0.0,0.0,0.0,0.0,144360.0
M/ P  -F/Cream  (Gold),400 gm,2024-04-01,0.0,0.0,0.0,0.0,0.0,0.0,98400.0
M/ P  -F/Cream  (Gold),400 gm,2024-05-01,0.0,0.0,0.0,0.0,0.0,0.0,48720.0
M/ P  -F/Cream  (Gold),400 gm,2024-06-01,0.0,0.0,0.0,0.0,0.0,0.0,0.0
M/ P  -F/Cream  (Gold),400 gm,2024-07-01,0.0,0.0,0.0,0.0,0.0,0.0,0.0
M/ P  -F/Cream  (Gold),400 gm,2024-08-01,0.0,0.0,0.0,0.0,0.0,0.0,0.0
M/ P  -F/Cream  (Gold),400 gm,2024-09-01,0.0,0.0,0.0,0.0,0.0,0.0,0.0
M/ P  -F/Cream  (Gold),400 gm,2024-10-01,45200.0,0.0,0.0,0.0,0.0,0.0,0.0
M/ P  -F/Cream  (Gold),400 gm,2024-11-01,371800.0,45200.0,0.0,0.0,0.0,15066.666666666666,7533.333333333333
M/ P  -F/Cream  (Gold),400 gm,2024-12-01,239400.0,371800.0,45200.0,0.0,0.0,139000.0,69500.0
M/ P  -F/Cream  (Gold),400 gm,2025-01-01,135700.0,239400.0,371800.0,45200.0,0.0,218800.0,109400.0
M/ P  -F/Cream  (Gold),400 gm,2025-02-01,100900.0,135700.0,239400.0,371800.0,0.0,248966.66666666666,132016.66666666666
M/ P  -F/Cream  (Gold),400 gm,2025-03-01,2300.0,100900.0,135700.0,239400.0,0.0,158666.66666666666,148833.33333333334
M/ P  -F/Cream  (Gold),400 gm,2025-04-01,115900.0,2300.0,100900.0,135700.0,0.0,79633.33333333333,149216.66666666666
M/ P  -F/Cream  (Gold),400 gm,2025-05-01,57300.0,115900.0,2300.0,100900.0,0.0,73033.33333333333,161000.0
M/ Powder Highland Ela,400 gm,2024-01-01,0.0,0.0,0.0,0.0,0.0,59100.0,118840.0
M/ Powder Highland Ela,400 gm,2024-02-01,,0.0,0.0,0.0,0.0,57950.0,70960.0
M/ Powder Highland Ela,400 gm,2024-03-01,0.0,0.0,0.0,0.0,0.0,0.0,54775.0
M/ Powder Highland Ela,400 gm,2024-04-01,0.0,0.0,0.0,0.0,0.0,0.0,29550.0
M/ Powder Highland Ela,400 gm,2024-05-01,2400.0,0.0,0.0,0.0,0.0,0.0,28975.0
M/ Powder Highland Ela,400 gm,2024-06-01,3500.0,2400.0,0.0,0.0,0.0,800.0,600.0
M/ Powder Highland Ela,400 gm,2024-07-01,1900.0,3500.0,2400.0,0.0,0.0,1966.6666666666667,1180.0
M/ Powder Highland Ela,400 gm,2024-08-01,7700.0,1900.0,3500.0,2400.0,0.0,2600.0,1560.0
M/ Powder Highland Ela,400 gm,2024-09-01,900.0,7700.0,1900.0,3500.0,0.0,4366.666666666667,2583.3333333333335
M/ Powder Highland Ela,400 gm,2024-10-01,700.0,900.0,7700.0,1900.0,0.0,3500.0,2733.3333333333335
M/ Powder Highland Ela,400 gm,2024-11-01,300.0,700.0,900.0,7700.0,0.0,3100.0,2850.0
M/ Powder Highland Ela,400 gm,2024-12-01,600.0,300.0,700.0,900.0,0.0,633.3333333333334,2500.0
M/ Powder Highland Ela,400 gm,2025-01-01,12100.0,600.0,300.0,700.0,0.0,533.3333333333334,2016.6666666666667
M/ Powder Highland Ela,400 gm,2025-02-01,900.0,12100.0,600.0,300.0,0.0,4333.333333333333,3716.6666666666665
M/ Powder Highland Ela,400 gm,2025-03-01,0.0,900.0,12100.0,600.0,0.0,4533.333333333333,2583.3333333333335
M/ Powder Highland Ela,400 gm,2025-04-01,0.0,0.0,900.0,12100.0,0.0,4333.333333333333,2433.3333333333335
M/ Powder Highland Ela,400 gm,2025-05-01,,0.0,0.0,900.0,2400.0,300.0,2316.6666666666665
M/P- Non Fat-     ,400 gm,2024-01-01,0.0,0.0,0.0,0.0,0.0,0.0,2720.0
M/P- Non Fat-     ,400 gm,2024-02-01,0.0,0.0,0.0,0.0,0.0,0.0,2600.0
M/P- Non Fat-     ,400 gm,2024-03-01,0.0,0.0,0.0,0.0,0.0,0.0,180.0
M/P- Non Fat-     ,400 gm,2024-04-01,13600.0,0.0,0.0,0.0,0.0,0.0,0.0
M/P- Non Fat-     ,400 gm,2024-05-01,2700.0,13600.0,0.0,0.0,0.0,4533.333333333333,2720.0
M/P- Non Fat-     ,400 gm,2024-06-01,1700.0,2700.0,13600.0,0.0,0.0,5433.333333333333,3260.0
M/P- Non Fat-     ,400 gm,2024-07-01,1500.0,1700.0,2700.0,13600.0,0.0,6000.0,3000.0
M/P- Non Fat-     ,400 gm,2024-08-01,2200.0,1500.0,1700.0,2700.0,0.0,1966.6666666666667,3250.0
M/P- Non Fat-     ,400 gm,2024-09-01,900.0,2200.0,1500.0,1700.0,0.0,1800.0,3616.6666666666665
M/P- Non Fat-     ,400 gm,2024-10-01,900.0,900.0,2200.0,1500.0,0.0,1533.3333333333333,3766.6666666666665
M/P- Non Fat-     ,400 gm,2024-11-01,200.0,900.0,900.0,2200.0,0.0,1333.3333333333333,1650.0
M/P- Non Fat-     ,400 gm,2024-12-01,,200.0,900.0,900.0,0.0,666.6666666666666,1233.3333333333333
M/P- Non Fat-     ,400 gm,2025-01-01,4700.0,0.0,200.0,900.0,0.0,550.0,1140.0
M/P- Non Fat-     ,400 gm,2025-02-01,4300.0,4700.0,0.0,200.0,0.0,2450.0,1780.0
M/P- Non Fat-     ,400 gm,2025-03-01,5800.0,4300.0,4700.0,0.0,0.0,4500.0,2200.0
M/P- Non Fat-     ,400 gm,2025-04-01,5700.0,5800.0,4300.0,4700.0,13600.0,4933.333333333333,3180.0
M/P- Non Fat-     ,400 gm,2025-05-01,4800.0,5700.0,5800.0,4300.0,2700.0,5266.666666666667,4140.0
Milk  Powder   (Welfare),400 gm,2024-01-01,10200.0,0.0,0.0,0.0,0.0,5750.0,5125.0
Milk  Powder   (Welfare),400 gm,2024-02-01,8400.0,10200.0,0.0,0.0,0.0,7950.0,6140.0
Milk  Powder   (Welfare),400 gm,2024-03-01,7900.0,8400.0,10200.0,0.0,0.0,9300.0,6880.0
Milk  Powder   (Welfare),400 gm,2024-04-01,6400.0,7900.0,8400.0,10200.0,0.0,8833.333333333334,7600.0
Milk  Powder   (Welfare),400 gm,2024-05-01,7700.0,6400.0,7900.0,8400.0,0.0,7566.666666666667,7720.0
Milk  Powder   (Welfare),400 gm,2024-06-01,6000.0,7700.0,6400.0,7900.0,0.0,7333.333333333333,8120.0
Milk  Powder   (Welfare),400 gm,2024-07-01,5100.0,6000.0,7700.0,6400.0,0.0,6700.0,7766.666666666667
Milk  Powder   (Welfare),400 gm,2024-08-01,5800.0,5100.0,6000.0,7700.0,0.0,6266.666666666667,6916.666666666667
Milk  Powder   (Welfare),400 gm,2024-09-01,4000.0,5800.0,5100.0,6000.0,0.0,5633.333333333333,6483.333333333333
Milk  Powder   (Welfare),400 gm,2024-10-01,5100.0,4000.0,5800.0,5100.0,0.0,4966.666666666667,5833.333333333333
Milk  Powder   (Welfare),400 gm,2024-11-01,4600.0,5100.0,4000.0,5800.0,0.0,4966.666666666667,5616.666666666667
Milk  Powder   (Welfare),400 gm,2024-12-01,6700.0,4600.0,5100.0,4000.0,0.0,4566.666666666667,5100.0
Milk  Powder   (Welfare),400 gm,2025-01-01,40000.0,6700.0,4600.0,5100.0,10200.0,5466.666666666667,5216.666666666667
Milk  Powder   (Welfare),400 gm,2025-02-01,29800.0,40000.0,6700.0,4600.0,8400.0,17100.0,11033.333333333334
Milk  Powder   (Welfare),400 gm,2025-03-01,20100.0,29800.0,40000.0,6700.0,7900.0,25500.0,15033.333333333334
Milk  Powder   (Welfare),400 gm,2025-04-01,0.0,20100.0,29800.0,40000.0,6400.0,29966.666666666668,17716.666666666668
Milk  Powder   (Welfare),400 gm,2025-05-01,10000.0,0.0,20100.0,29800.0,7700.0,16633.333333333332,16866.666666666668
Milk Powder  -(F/Cream),1 kg,2024-01-01,0.0,0.0,0.0,0.0,0.0,10050.0,19320.0
Milk Powder  -(F/Cream),1 kg,2024-02-01,0.0,0.0,0.0,0.0,0.0,0.0,17980.0
Milk Powder  -(F/Cream),1 kg,2024-03-01,0.0,0.0,0.0,0.0,0.0,0.0,9980.0
Milk Powder  -(F/Cream),1 kg,2024-04-01,0.0,0.0,0.0,0.0,0.0,0.0,4020.0
Milk Powder  -(F/Cream),1 kg,2024-05-01,0.0,0.0,0.0,0.0,0.0,0.0,0.0
Milk Powder  -(F/Cream),1 kg,2024-06-01,29300.0,0.0,0.0,0.0,0.0,0.0,0.0
Milk Powder  -(F/Cream),1 kg,2024-07-01,29200.0,29300.0,0.0,0.0,0.0,9766.666666666666,4883.333333333333
Milk Powder  -(F/Cream),1 kg,2024-08-01,22200.0,29200.0,29300.0,0.0,0.0,19500.0,9750.0
Milk Powder  -(F/Cream),1 kg,2024-09-01,25000.0,22200.0,29200.0,29300.0,0.0,26900.0,13450.0
Milk Powder  -(F/Cream),1 kg,2024-10-01,24900.0,25000.0,22200.0,29200.0,0.0,25466.666666666668,17616.666666666668
Milk Powder  -(F/Cream),1 kg,2024-11-01,22700.0,24900.0,25000.0,22200.0,0.0,24033.333333333332,21766.666666666668
Milk Powder  -(F/Cream),1 kg,2024-12-01,27500.0,22700.0,24900.0,25000.0,0.0,24200.0,25550.0
Milk Powder  -(F/Cream),1 kg,2025-01-01,2700.0,27500.0,22700.0,24900.0,0.0,25033.333333333332,25250.0
Milk Powder  -(F/Cream),1 kg,2025-02-01,21400.0,2700.0,27500.0,22700.0,0.0,17633.333333333332,20833.333333333332
Milk Powder  -(F/Cream),1 kg,2025-03-01,8800.0,21400.0,2700.0,27500.0,0.0,17200.0,20700.0
Milk Powder  -(F/Cream),1 kg,2025-04-01,30400.0,8800.0,21400.0,2700.0,0.0,10966.666666666666,18000.0
Milk Powder  -(F/Cream),1 kg,2025-05-01,50000.0,30400.0,8800.0,21400.0,0.0,20200.0,18916.666666666668
Mixed Berry with White Chocolate Chip,500ml,2024-01-01,2000.0,0.0,0.0,0.0,0.0,19600.0,18160.0
Mixed Berry with White Chocolate Chip,500ml,2024-02-01,3000.0,2000.0,0.0,0.0,0.0,16200.0,13060.0
Mixed Berry with White Chocolate Chip,500ml,2024-03-01,1000.0,3000.0,2000.0,0.0,0.0,2500.0,13120.0
Mixed Berry with White Chocolate Chip,500ml,2024-04-01,1000.0,1000.0,3000.0,2000.0,0.0,2000.0,9040.0
Mixed Berry with White Chocolate Chip,500ml,2024-05-01,0.0,1000.0,1000.0,3000.0,0.0,1666.6666666666667,7480.0
Mixed Berry with White Chocolate Chip,500ml,2024-06-01,0.0,0.0,1000.0,1000.0,0.0,666.6666666666666,1400.0
Mixed Berry with White Chocolate Chip,500ml,2024-07-01,0.0,0.0,0.0,1000.0,0.0,333.3333333333333,1166.6666666666667
Mixed Berry with White Chocolate Chip,500ml,2024-08-01,0.0,0.0,0.0,0.0,0.0,0.0,833.3333333333334
Mixed Berry with White Chocolate Chip,500ml,2024-09-01,2000.0,0.0,0.0,0.0,0.0,0.0,333.3333333333333
Mixed Berry with White Chocolate Chip,500ml,2024-10-01,2000.0,2000.0,0.0,0.0,0.0,666.6666666666666,500.0
Mixed Berry with White Chocolate Chip,500ml,2024-11-01,2000.0,2000.0,2000.0,0.0,0.0,1333.3333333333333,666.6666666666666
Mixed Berry with White Chocolate Chip,500ml,2024-12-01,2000.0,2000.0,2000.0,2000.0,0.0,2000.0,1000.0
Mixed Berry with White Chocolate Chip,500ml,2025-01-01,1300.0,2000.0,2000.0,2000.0,2000.0,2000.0,1333.3333333333333
Mixed Berry with White Chocolate Chip,500ml,2025-02-01,1000.0,1300.0,2000.0,2000.0,3000.0,1766.6666666666667,1550.0
Mixed Berry with White Chocolate Chip,500ml,2025-03-01,200.0,1000.0,1300.0,2000.0,1000.0,1433.3333333333333,1716.6666666666667
Mixed Berry with White Chocolate Chip,500ml,2025-04-01,1000.0,200.0,1000.0,1300.0,1000.0,833.3333333333334,1416.6666666666667
Mixed Berry with White Chocolate Chip,500ml,2025-05-01,900.0,1000.0,200.0,1000.0,0.0,733.3333333333334,1250.0
Passion Fruit Ice cream,500ml,2024-01-01,0.0,0.0,0.0,0.0,0.0,600.0,1100.0
Passion Fruit Ice cream,500ml,2024-02-01,0.0,0.0,0.0,0.0,0.0,500.0,700.0
Passion Fruit Ice cream,500ml,2024-03-01,0.0,0.0,0.0,0.0,0.0,0.0,440.0
Passion Fruit Ice cream,500ml,2024-04-01,0.0,0.0,0.0,0.0,0.0,0.0,240.0
Passion Fruit Ice cream,500ml,2024-05-01,1000.0,0.0,0.0,0.0,0.0,0.0,200.0
Passion Fruit Ice cream,500ml,2024-06-01,1000.0,1000.0,0.0,0.0,0.0,333.3333333333333,200.0
Passion Fruit Ice cream,500ml,2024-07-01,0.0,1000.0,1000.0,0.0,0.0,666.6666666666666,333.3333333333333
Passion Fruit Ice cream,500ml,2024-08-01,2000.0,0.0,1000.0,1000.0,0.0,666.6666666666666,333.3333333333333
Passion Fruit Ice cream,500ml,2024-09-01,1000.0,2000.0,0.0,1000.0,0.0,1000.0,666.6666666666666
Passion Fruit Ice cream,500ml,2024-10-01,1000.0,1000.0,2000.0,0.0,0.0,1000.0,833.3333333333334
Passion Fruit Ice cream,500ml,2024-11-01,1000.0,1000.0,1000.0,2000.0,0.0,1333.3333333333333,1000.0
Passion Fruit Ice cream,500ml,2024-12-01,2000.0,1000.0,1000.0,1000.0,0.0,1000.0,1000.0
Passion Fruit Ice cream,500ml,2025-01-01,900.0,2000.0,1000.0,1000.0,0.0,1333.3333333333333,1166.6666666666667
Passion Fruit Ice cream,500ml,2025-02-01,1100.0,900.0,2000.0,1000.0,0.0,1300.0,1316.6666666666667
Passion Fruit Ice cream,500ml,2025-03-01,1200.0,1100.0,900.0,2000.0,0.0,1333.3333333333333,1166.6666666666667
Passion Fruit Ice cream,500ml,2025-04-01,1100.0,1200.0,1100.0,900.0,0.0,1066.6666666666667,1200.0
Passion Fruit Ice cream,500ml,2025-05-01,700.0,1100.0,1200.0,1100.0,1000.0,1133.3333333333333,1216.6666666666667
Pasteurized Milk  -(PLAIN),450 ML,2024-01-01,688000.0,0.0,0.0,0.0,0.0,1150.0,1260.0
Pasteurized Milk  -(PLAIN),450 ML,2024-02-01,593000.0,688000.0,0.0,0.0,0.0,344550.0,138460.0
Pasteurized Milk  -(PLAIN),450 ML,2024-03-01,640000.0,593000.0,688000.0,0.0,0.0,640500.0,256880.0
Pasteurized Milk  -(PLAIN),450 ML,2024-04-01,599000.0,640000.0,593000.0,688000.0,0.0,640333.3333333334,384660.0
Pasteurized Milk  -(PLAIN),450 ML,2024-05-01,548000.0,599000.0,640000.0,593000.0,0.0,610666.6666666666,504220.0
Pasteurized Milk  -(PLAIN),450 ML,2024-06-01,419000.0,548000.0,599000.0,640000.0,0.0,595666.6666666666,613600.0
Pasteurized Milk  -(PLAIN),450 ML,2024-07-01,490000.0,419000.0,548000.0,599000.0,0.0,522000.0,581166.6666666666
Pasteurized Milk  -(PLAIN),450 ML,2024-08-01,539000.0,490000.0,419000.0,548000.0,0.0,485666.6666666667,548166.6666666666
Pasteurized Milk  -(PLAIN),450 ML,2024-09-01,450000.0,539000.0,490000.0,419000.0,0.0,482666.6666666667,539166.6666666666
Pasteurized Milk  -(PLAIN),450 ML,2024-10-01,451000.0,450000.0,539000.0,490000.0,0.0,493000.0,507500.0
Pasteurized Milk  -(PLAIN),450 ML,2024-11-01,454000.0,451000.0,450000.0,539000.0,0.0,480000.0,482833.3333333333
Pasteurized Milk  -(PLAIN),450 ML,2024-12-01,484000.0,454000.0,451000.0,450000.0,0.0,451666.6666666667,467166.6666666667
Pasteurized Milk  -(PLAIN),450 ML,2025-01-01,455300.0,484000.0,454000.0,451000.0,688000.0,463000.0,478000.0
Pasteurized Milk  -(PLAIN),450 ML,2025-02-01,438400.0,455300.0,484000.0,454000.0,593000.0,464433.3333333333,472216.6666666667
Pasteurized Milk  -(PLAIN),450 ML,2025-03-01,485100.0,438400.0,455300.0,484000.0,640000.0,459233.3333333333,455450.0
Pasteurized Milk  -(PLAIN),450 ML,2025-04-01,432300.0,485100.0,438400.0,455300.0,599000.0,459600.0,461300.0
Pasteurized Milk  -(PLAIN),450 ML,2025-05-01,471500.0,432300.0,485100.0,438400.0,548000.0,451933.3333333333,458183.3333333333
Processed Cheese ,100 gm,2024-01-01,4000.0,0.0,0.0,0.0,0.0,458700.0,459020.0
Processed Cheese ,100 gm,2024-02-01,3000.0,4000.0,0.0,0.0,0.0,218150.0,363020.0
Processed Cheese ,100 gm,2024-03-01,5000.0,3000.0,4000.0,0.0,0.0,3500.0,272560.0
Processed Cheese ,100 gm,2024-04-01,3000.0,5000.0,3000.0,4000.0,0.0,4000.0,185880.0
Processed Cheese ,100 gm,2024-05-01,1000.0,3000.0,5000.0,3000.0,0.0,3666.6666666666665,89460.0
Processed Cheese ,100 gm,2024-06-01,5000.0,1000.0,3000.0,5000.0,0.0,3000.0,3200.0
Processed Cheese ,100 gm,2024-07-01,5000.0,5000.0,1000.0,3000.0,0.0,3000.0,3500.0
Processed Cheese ,100 gm,2024-08-01,4000.0,5000.0,5000.0,1000.0,0.0,3666.6666666666665,3666.6666666666665
Processed Cheese ,100 gm,2024-09-01,1000.0,4000.0,5000.0,5000.0,0.0,4666.666666666667,3833.3333333333335
Processed Cheese ,100 gm,2024-10-01,4000.0,1000.0,4000.0,5000.0,0.0,3333.3333333333335,3166.6666666666665
Processed Cheese ,100 gm,2024-11-01,5000.0,4000.0,1000.0,4000.0,0.0,3000.0,3333.3333333333335
Processed Cheese ,100 gm,2024-12-01,7000.0,5000.0,4000.0,1000.0,0.0,3333.3333333333335,4000.0
Processed Cheese ,100 gm,2025-01-01,2200.0,7000.0,5000.0,4000.0,4000.0,5333.333333333333,4333.333333333333
Processed Cheese ,100 gm,2025-02-01,2800.0,2200.0,7000.0,5000.0,3000.0,4733.333333333333,3866.6666666666665
Processed Cheese ,100 gm,2025-03-01,3700.0,2800.0,2200.0,7000.0,5000.0,4000.0,3666.6666666666665
Processed Cheese ,100 gm,2025-04-01,1700.0,3700.0,2800.0,2200.0,3000.0,2900.0,4116.666666666667
Processed Cheese ,100 gm,2025-05-01,2200.0,1700.0,3700.0,2800.0,1000.0,2733.3333333333335,3733.3333333333335
Processed Cheese ,200 gm,2024-01-01,4000.0,0.0,0.0,0.0,0.0,2700.0,3480.0
Processed Cheese ,200 gm,2024-02-01,3000.0,4000.0,0.0,0.0,0.0,2850.0,2880.0
Processed Cheese ,200 gm,2024-03-01,4000.0,3000.0,4000.0,0.0,0.0,3500.0,3040.0
Processed Cheese ,200 gm,2024-04-01,2000.0,4000.0,3000.0,4000.0,0.0,3666.6666666666665,3280.0
Processed Cheese ,200 gm,2024-05-01,2000.0,2000.0,4000.0,3000.0,0.0,3000.0,2940.0
Processed Cheese ,200 gm,2024-06-01,3000.0,2000.0,2000.0,4000.0,0.0,2666.6666666666665,3000.0
Processed Cheese ,200 gm,2024-07-01,3000.0,3000.0,2000.0,2000.0,0.0,2333.3333333333335,3000.0
Processed Cheese ,200 gm,2024-08-01,2000.0,3000.0,3000.0,2000.0,0.0,2666.6666666666665,2833.3333333333335
Processed Cheese ,200 gm,2024-09-01,1000.0,2000.0,3000.0,3000.0,0.0,2666.6666666666665,2666.6666666666665
Processed Cheese ,200 gm,2024-10-01,3000.0,1000.0,2000.0,3000.0,0.0,2000.0,2166.6666666666665
Processed Cheese ,200 gm,2024-11-01,3000.0,3000.0,1000.0,2000.0,0.0,2000.0,2333.3333333333335
Processed Cheese ,200 gm,2024-12-01,5000.0,3000.0,3000.0,1000.0,0.0,2333.3333333333335,2500.0
Processed Cheese ,200 gm,2025-01-01,2000.0,5000.0,3000.0,3000.0,4000.0,3666.6666666666665,2833.3333333333335
Processed Cheese ,200 gm,2025-02-01,1800.0,2000.0,5000.0,3000.0,3000.0,3333.3333333333335,2666.6666666666665
Processed Cheese ,200 gm,2025-03-01,3500.0,1800.0,2000.0,5000.0,4000.0,2933.3333333333335,2633.3333333333335
Processed Cheese ,200 gm,2025-04-01,1100.0,3500.0,1800.0,2000.0,2000.0,2433.3333333333335,3050.0
Processed Cheese ,200 gm,2025-05-01,1900.0,1100.0,3500.0,1800.0,2000.0,2133.3333333333335,2733.3333333333335
Processed cheese,50 gm,2024-01-01,4000.0,0.0,0.0,0.0,0.0,2300.0,2680.0
Processed cheese,50 gm,2024-02-01,3000.0,4000.0,0.0,0.0,0.0,2550.0,2480.0
Processed cheese,50 gm,2024-03-01,4000.0,3000.0,4000.0,0.0,0.0,3500.0,2680.0
Processed cheese,50 gm,2024-04-01,2000.0,4000.0,3000.0,4000.0,0.0,3666.6666666666665,3120.0
Processed cheese,50 gm,2024-05-01,1000.0,2000.0,4000.0,3000.0,0.0,3000.0,2820.0
Processed cheese,50 gm,2024-06-01,5000.0,1000.0,2000.0,4000.0,0.0,2333.3333333333335,2800.0
Processed cheese,50 gm,2024-07-01,5000.0,5000.0,1000.0,2000.0,0.0,2666.6666666666665,3166.6666666666665
Processed cheese,50 gm,2024-08-01,4000.0,5000.0,5000.0,1000.0,0.0,3666.6666666666665,3333.3333333333335
Processed cheese,50 gm,2024-09-01,1000.0,4000.0,5000.0,5000.0,0.0,4666.666666666667,3500.0
Processed cheese,50 gm,2024-10-01,4000.0,1000.0,4000.0,5000.0,0.0,3333.3333333333335,3000.0
Processed cheese,50 gm,2024-11-01,5000.0,4000.0,1000.0,4000.0,0.0,3000.0,3333.3333333333335
Processed cheese,50 gm,2024-12-01,6000.0,5000.0,4000.0,1000.0,0.0,3333.3333333333335,4000.0
Processed cheese,50 gm,2025-01-01,2200.0,6000.0,5000.0,4000.0,4000.0,5000.0,4166.666666666667
Processed cheese,50 gm,2025-02-01,2800.0,2200.0,6000.0,5000.0,3000.0,4400.0,3700.0
Processed cheese,50 gm,2025-03-01,4400.0,2800.0,2200.0,6000.0,4000.0,3666.6666666666665,3500.0
Processed cheese,50 gm,2025-04-01,500.0,4400.0,2800.0,2200.0,2000.0,3133.3333333333335,4066.6666666666665
Processed cheese,50 gm,2025-05-01,2200.0,500.0,4400.0,2800.0,1000.0,2566.6666666666665,3483.3333333333335
Real Strawberry Ice Cream ,500ml,2024-01-01,0.0,0.0,0.0,0.0,0.0,2450.0,3180.0
Real Strawberry Ice Cream ,500ml,2024-02-01,0.0,0.0,0.0,0.0,0.0,250.0,1980.0
Real Strawberry Ice Cream ,500ml,2024-03-01,0.0,0.0,0.0,0.0,0.0,0.0,1540.0
Real Strawberry Ice Cream ,500ml,2024-04-01,0.0,0.0,0.0,0.0,0.0,0.0,980.0
Real Strawberry Ice Cream ,500ml,2024-05-01,900.0,0.0,0.0,0.0,0.0,0.0,100.0
Real Strawberry Ice Cream ,500ml,2024-06-01,100.0,900.0,0.0,0.0,0.0,300.0,180.0
Real Strawberry Ice Cream ,500ml,2024-07-01,100.0,100.0,900.0,0.0,0.0,333.3333333333333,166.66666666666666
Real Strawberry Ice Cream ,500ml,2024-08-01,0.0,100.0,100.0,900.0,0.0,366.6666666666667,183.33333333333334
Real Strawberry Ice Cream ,500ml,2024-09-01,0.0,0.0,100.0,100.0,0.0,66.66666666666667,183.33333333333334
Real Strawberry Ice Cream ,500ml,2024-10-01,100.0,0.0,0.0,100.0,0.0,33.333333333333336,183.33333333333334
Real Strawberry Ice Cream ,500ml,2024-11-01,0.0,100.0,0.0,0.0,0.0,33.333333333333336,200.0
Real Strawberry Ice Cream ,500ml,2024-12-01,1200.0,0.0,100.0,0.0,0.0,33.333333333333336,50.0
Real Strawberry Ice Cream ,500ml,2025-01-01,1000.0,1200.0,0.0,100.0,0.0,433.3333333333333,233.33333333333334
Real Strawberry Ice Cream ,500ml,2025-02-01,700.0,1000.0,1200.0,0.0,0.0,733.3333333333334,383.3333333333333
Real Strawberry Ice Cream ,500ml,2025-03-01,1000.0,700.0,1000.0,1200.0,0.0,966.6666666666666,500.0
Real Strawberry Ice Cream ,500ml,2025-04-01,500.0,1000.0,700.0,1000.0,0.0,900.0,666.6666666666666
Real Strawberry Ice Cream ,500ml,2025-05-01,600.0,500.0,1000.0,700.0,900.0,733.3333333333334,733.3333333333334
Real Wood Apple Ice Cream,500 ml,2024-01-01,1300.0,0.0,0.0,0.0,0.0,750.0,880.0
Real Wood Apple Ice Cream,500 ml,2024-02-01,1600.0,1300.0,0.0,0.0,0.0,900.0,900.0
Real Wood Apple Ice Cream,500 ml,2024-03-01,1000.0,1600.0,1300.0,0.0,0.0,1450.0,1020.0
Real Wood Apple Ice Cream,500 ml,2024-04-01,1000.0,1000.0,1600.0,1300.0,0.0,1300.0,1080.0
Real Wood Apple Ice Cream,500 ml,2024-05-01,1200.0,1000.0,1000.0,1600.0,0.0,1200.0,1080.0
Real Wood Apple Ice Cream,500 ml,2024-06-01,200.0,1200.0,1000.0,1000.0,0.0,1066.6666666666667,1220.0
Real Wood Apple Ice Cream,500 ml,2024-07-01,200.0,200.0,1200.0,1000.0,0.0,800.0,1050.0
Real Wood Apple Ice Cream,500 ml,2024-08-01,100.0,200.0,200.0,1200.0,0.0,533.3333333333334,866.6666666666666
Real Wood Apple Ice Cream,500 ml,2024-09-01,100.0,100.0,200.0,200.0,0.0,166.66666666666666,616.6666666666666
Real Wood Apple Ice Cream,500 ml,2024-10-01,900.0,100.0,100.0,200.0,0.0,133.33333333333334,466.6666666666667
Real Wood Apple Ice Cream,500 ml,2024-11-01,700.0,900.0,100.0,100.0,0.0,366.6666666666667,450.0
Real Wood Apple Ice Cream,500 ml,2024-12-01,1500.0,700.0,900.0,100.0,0.0,566.6666666666666,366.6666666666667
Real Wood Apple Ice Cream,500 ml,2025-01-01,900.0,1500.0,700.0,900.0,1300.0,1033.3333333333333,583.3333333333334
Real Wood Apple Ice Cream,500 ml,2025-02-01,1000.0,900.0,1500.0,700.0,1600.0,1033.3333333333333,700.0
Real Wood Apple Ice Cream,500 ml,2025-03-01,1200.0,1000.0,900.0,1500.0,1000.0,1133.3333333333333,850.0
Real Wood Apple Ice Cream,500 ml,2025-04-01,1300.0,1200.0,1000.0,900.0,1000.0,1033.3333333333333,1033.3333333333333
Real Wood Apple Ice Cream,500 ml,2025-05-01,1100.0,1300.0,1200.0,1000.0,1200.0,1166.6666666666667,1100.0
Sterilized  Milk - (Flvd)   ,250 ML,2024-01-01,260500.0,0.0,0.0,0.0,0.0,1250.0,1180.0
Sterilized  Milk - (Flvd)   ,250 ML,2024-02-01,482200.0,260500.0,0.0,0.0,0.0,130900.0,52980.0
Sterilized  Milk - (Flvd)   ,250 ML,2024-03-01,373700.0,482200.0,260500.0,0.0,0.0,371350.0,149240.0
Sterilized  Milk - (Flvd)   ,250 ML,2024-04-01,189700.0,373700.0,482200.0,260500.0,0.0,372133.3333333333,223780.0
Sterilized  Milk - (Flvd)   ,250 ML,2024-05-01,398200.0,189700.0,373700.0,482200.0,0.0,348533.3333333333,261480.0
Sterilized  Milk - (Flvd)   ,250 ML,2024-06-01,69400.0,398200.0,189700.0,373700.0,0.0,320533.3333333333,340860.0
Sterilized  Milk - (Flvd)   ,250 ML,2024-07-01,325700.0,69400.0,398200.0,189700.0,0.0,219100.0,295616.6666666667
Sterilized  Milk - (Flvd)   ,250 ML,2024-08-01,545600.0,325700.0,69400.0,398200.0,0.0,264433.3333333333,306483.3333333333
Sterilized  Milk - (Flvd)   ,250 ML,2024-09-01,451700.0,545600.0,325700.0,69400.0,0.0,313566.6666666667,317050.0
Sterilized  Milk - (Flvd)   ,250 ML,2024-10-01,504600.0,451700.0,545600.0,325700.0,0.0,441000.0,330050.0
Sterilized  Milk - (Flvd)   ,250 ML,2024-11-01,418400.0,504600.0,451700.0,545600.0,0.0,500633.3333333333,382533.3333333333
Sterilized  Milk - (Flvd)   ,250 ML,2024-12-01,498000.0,418400.0,504600.0,451700.0,0.0,458233.3333333333,385900.0
Sterilized  Milk - (Flvd)   ,250 ML,2025-01-01,477100.0,498000.0,418400.0,504600.0,260500.0,473666.6666666667,457333.3333333333
Sterilized  Milk - (Flvd)   ,250 ML,2025-02-01,550200.0,477100.0,498000.0,418400.0,482200.0,464500.0,482566.6666666667
Sterilized  Milk - (Flvd)   ,250 ML,2025-03-01,632700.0,550200.0,477100.0,498000.0,373700.0,508433.3333333333,483333.3333333333
Sterilized  Milk - (Flvd)   ,250 ML,2025-04-01,476500.0,632700.0,550200.0,477100.0,189700.0,553333.3333333334,513500.0
Sterilized  Milk - (Flvd)   ,250 ML,2025-05-01,575500.0,476500.0,632700.0,550200.0,398200.0,553133.3333333334,508816.6666666667
Sterilized Milk (Plain),500 ML,2024-01-01,15500.0,0.0,0.0,0.0,0.0,554600.0,526900.0
Sterilized Milk (Plain),500 ML,2024-02-01,14000.0,15500.0,0.0,0.0,0.0,246000.0,430400.0
Sterilized Milk (Plain),500 ML,2024-03-01,8900.0,14000.0,15500.0,0.0,0.0,14750.0,337780.0
Sterilized Milk (Plain),500 ML,2024-04-01,500.0,8900.0,14000.0,15500.0,0.0,12800.0,229520.0
Sterilized Milk (Plain),500 ML,2024-05-01,9200.0,500.0,8900.0,14000.0,0.0,7800.0,103080.0
Sterilized Milk (Plain),500 ML,2024-06-01,0.0,9200.0,500.0,8900.0,0.0,6200.0,9620.0
Sterilized Milk (Plain),500 ML,2024-07-01,4700.0,0.0,9200.0,500.0,0.0,3233.3333333333335,8016.666666666667
Sterilized Milk (Plain),500 ML,2024-08-01,11800.0,4700.0,0.0,9200.0,0.0,4633.333333333333,6216.666666666667
Sterilized Milk (Plain),500 ML,2024-09-01,8300.0,11800.0,4700.0,0.0,0.0,5500.0,5850.0
Sterilized Milk (Plain),500 ML,2024-10-01,5800.0,8300.0,11800.0,4700.0,0.0,8266.666666666666,5750.0
Sterilized Milk (Plain),500 ML,2024-11-01,9000.0,5800.0,8300.0,11800.0,0.0,8633.333333333334,6633.333333333333
Sterilized Milk (Plain),500 ML,2024-12-01,10800.0,9000.0,5800.0,8300.0,0.0,7700.0,6600.0
Sterilized Milk (Plain),500 ML,2025-01-01,5200.0,10800.0,9000.0,5800.0,15500.0,8533.333333333334,8400.0
Sterilized Milk (Plain),500 ML,2025-02-01,10600.0,5200.0,10800.0,9000.0,14000.0,8333.333333333334,8483.333333333334
Sterilized Milk (Plain),500 ML,2025-03-01,11200.0,10600.0,5200.0,10800.0,8900.0,8866.666666666666,8283.333333333334
Sterilized Milk (Plain),500 ML,2025-04-01,10600.0,11200.0,10600.0,5200.0,500.0,9000.0,8766.666666666666
Sterilized Milk (Plain),500 ML,2025-05-01,7900.0,10600.0,11200.0,10600.0,9200.0,10800.0,9566.666666666666
UHT Milk - Flaved,180ml,2024-01-01,901900.0,0.0,0.0,0.0,0.0,10900.0,9680.0
UHT Milk - Flaved,180ml,2024-02-01,956500.0,901900.0,0.0,0.0,0.0,456250.0,187900.0
UHT Milk - Flaved,180ml,2024-03-01,1149400.0,956500.0,901900.0,0.0,0.0,929200.0,378160.0
UHT Milk - Flaved,180ml,2024-04-01,945500.0,1149400.0,956500.0,901900.0,0.0,1002600.0,605920.0
UHT Milk - Flaved,180ml,2024-05-01,1299000.0,945500.0,1149400.0,956500.0,0.0,1017133.3333333334,792780.0
UHT Milk - Flaved,180ml,2024-06-01,1592000.0,1299000.0,945500.0,1149400.0,0.0,1131300.0,1050460.0
UHT Milk - Flaved,180ml,2024-07-01,2013000.0,1592000.0,1299000.0,945500.0,0.0,1278833.3333333333,1140716.6666666667
UHT Milk - Flaved,180ml,2024-08-01,2277900.0,2013000.0,1592000.0,1299000.0,0.0,1634666.6666666667,1325900.0
UHT Milk - Flaved,180ml,2024-09-01,2070000.0,2277900.0,2013000.0,1592000.0,0.0,1960966.6666666667,1546133.3333333333
UHT Milk - Flaved,180ml,2024-10-01,2268800.0,2070000.0,2277900.0,2013000.0,0.0,2120300.0,1699566.6666666667
UHT Milk - Flaved,180ml,2024-11-01,2042200.0,2268800.0,2070000.0,2277900.0,0.0,2205566.6666666665,1920116.6666666667
UHT Milk - Flaved,180ml,2024-12-01,1986600.0,2042200.0,2268800.0,2070000.0,0.0,2127000.0,2043983.3333333333
UHT Milk - Flaved,180ml,2025-01-01,1935600.0,1986600.0,2042200.0,2268800.0,901900.0,2099200.0,2109750.0
UHT Milk - Flaved,180ml,2025-02-01,2191200.0,1935600.0,1986600.0,2042200.0,956500.0,1988133.3333333333,2096850.0
UHT Milk - Flaved,180ml,2025-03-01,2528800.0,2191200.0,1935600.0,1986600.0,1149400.0,2037800.0,2082400.0
UHT Milk - Flaved,180ml,2025-04-01,2445100.0,2528800.0,2191200.0,1935600.0,945500.0,2218533.3333333335,2158866.6666666665
UHT Milk - Flaved,180ml,2025-05-01,2135700.0,2445100.0,2528800.0,2191200.0,1299000.0,2388366.6666666665,2188250.0
UHT Milk - Full Cream,450 ml,2024-01-01,231900.0,0.0,0.0,0.0,0.0,2486950.0,2217460.0
UHT Milk - Full Cream,450 ml,2024-02-01,324500.0,231900.0,0.0,0.0,0.0,1338500.0,1866520.0
UHT Milk - Full Cream,450 ml,2024-03-01,43000.0,324500.0,231900.0,0.0,0.0,278200.0,1544300.0
UHT Milk - Full Cream,450 ml,2024-04-01,225500.0,43000.0,324500.0,231900.0,0.0,199800.0,1114660.0
UHT Milk - Full Cream,450 ml,2024-05-01,400600.0,225500.0,43000.0,324500.0,0.0,197666.66666666666,654000.0
UHT Milk - Full Cream,450 ml,2024-06-01,301200.0,400600.0,225500.0,43000.0,0.0,223033.33333333334,245100.0
UHT Milk - Full Cream,450 ml,2024-07-01,343100.0,301200.0,400600.0,225500.0,0.0,309100.0,254450.0
UHT Milk - Full Cream,450 ml,2024-08-01,379800.0,343100.0,301200.0,400600.0,0.0,348300.0,272983.3333333333
UHT Milk - Full Cream,450 ml,2024-09-01,383800.0,379800.0,343100.0,301200.0,0.0,341366.6666666667,282200.0
UHT Milk - Full Cream,450 ml,2024-10-01,412700.0,383800.0,379800.0,343100.0,0.0,368900.0,339000.0
UHT Milk - Full Cream,450 ml,2024-11-01,332200.0,412700.0,383800.0,379800.0,0.0,392100.0,370200.0
UHT Milk - Full Cream,450 ml,2024-12-01,474700.0,332200.0,412700.0,383800.0,0.0,376233.3333333333,358800.0
UHT Milk - Full Cream,450 ml,2025-01-01,388600.0,474700.0,332200.0,412700.0,231900.0,406533.3333333333,387716.6666666667
UHT Milk - Full Cream,450 ml,2025-02-01,424700.0,388600.0,474700.0,332200.0,324500.0,398500.0,395300.0
UHT Milk - Full Cream,450 ml,2025-03-01,499800.0,424700.0,388600.0,474700.0,43000.0,429333.3333333333,402783.3333333333
UHT Milk - Full Cream,450 ml,2025-04-01,458800.0,499800.0,424700.0,388600.0,225500.0,437700.0,422116.6666666667
UHT Milk - Full Cream,450 ml,2025-05-01,419300.0,458800.0,499800.0,424700.0,400600.0,461100.0,429800.0
UHT Milk - Full Cream,900 ml,2024-01-01,1400.0,0.0,0.0,0.0,0.0,479300.0,449320.0
UHT Milk - Full Cream,900 ml,2024-02-01,28000.0,1400.0,0.0,0.0,0.0,230100.0,354660.0
UHT Milk - Full Cream,900 ml,2024-03-01,52500.0,28000.0,1400.0,0.0,0.0,14700.0,282540.0
UHT Milk - Full Cream,900 ml,2024-04-01,18500.0,52500.0,28000.0,1400.0,0.0,27300.0,208100.0
UHT Milk - Full Cream,900 ml,2024-05-01,51500.0,18500.0,52500.0,28000.0,0.0,33000.0,111840.0
UHT Milk - Full Cream,900 ml,2024-06-01,193600.0,51500.0,18500.0,52500.0,0.0,40833.333333333336,30380.0
UHT Milk - Full Cream,900 ml,2024-07-01,203100.0,193600.0,51500.0,18500.0,0.0,87866.66666666667,57583.333333333336
UHT Milk - Full Cream,900 ml,2024-08-01,212300.0,203100.0,193600.0,51500.0,0.0,149400.0,91200.0
UHT Milk - Full Cream,900 ml,2024-09-01,213600.0,212300.0,203100.0,193600.0,0.0,203000.0,121916.66666666667
UHT Milk - Full Cream,900 ml,2024-10-01,235300.0,213600.0,212300.0,203100.0,0.0,209666.66666666666,148766.66666666666
UHT Milk - Full Cream,900 ml,2024-11-01,182000.0,235300.0,213600.0,212300.0,0.0,220400.0,184900.0
UHT Milk - Full Cream,900 ml,2024-12-01,255900.0,182000.0,235300.0,213600.0,0.0,210300.0,206650.0
UHT Milk - Full Cream,900 ml,2025-01-01,223300.0,255900.0,182000.0,235300.0,1400.0,224400.0,217033.33333333334
UHT Milk - Full Cream,900 ml,2025-02-01,240300.0,223300.0,255900.0,182000.0,28000.0,220400.0,220400.0
UHT Milk - Full Cream,900 ml,2025-03-01,269500.0,240300.0,223300.0,255900.0,52500.0,239833.33333333334,225066.66666666666
UHT Milk - Full Cream,900 ml,2025-04-01,275800.0,269500.0,240300.0,223300.0,18500.0,244366.66666666666,234383.33333333334
UHT Milk - Full Cream,900 ml,2025-05-01,287600.0,275800.0,269500.0,240300.0,51500.0,261866.66666666666,241133.33333333334
Yog- Non Fat,90 gm,2024-01-01,100.0,0.0,0.0,0.0,0.0,272650.0,252960.0
Yog- Non Fat,90 gm,2024-02-01,17400.0,100.0,0.0,0.0,0.0,137950.0,201800.0
Yog- Non Fat,90 gm,2024-03-01,13600.0,17400.0,100.0,0.0,0.0,8750.0,160620.0
Yog- Non Fat,90 gm,2024-04-01,5900.0,13600.0,17400.0,100.0,0.0,10366.666666666666,115280.0
Yog- Non Fat,90 gm,2024-05-01,6200.0,5900.0,13600.0,17400.0,0.0,12300.0,62560.0
Yog- Non Fat,90 gm,2024-06-01,6200.0,6200.0,5900.0,13600.0,0.0,8566.666666666666,8640.0
Yog- Non Fat,90 gm,2024-07-01,6100.0,6200.0,6200.0,5900.0,0.0,6100.0,8233.333333333334
Yog- Non Fat,90 gm,2024-08-01,5400.0,6100.0,6200.0,6200.0,0.0,6166.666666666667,9233.333333333334
Yog- Non Fat,90 gm,2024-09-01,5800.0,5400.0,6100.0,6200.0,0.0,5900.0,7233.333333333333
Yog- Non Fat,90 gm,2024-10-01,6700.0,5800.0,5400.0,6100.0,0.0,5766.666666666667,5933.333333333333
Yog- Non Fat,90 gm,2024-11-01,0.0,6700.0,5800.0,5400.0,0.0,5966.666666666667,6066.666666666667
Yog- Non Fat,90 gm,2024-12-01,5700.0,0.0,6700.0,5800.0,0.0,4166.666666666667,5033.333333333333
Yog- Non Fat,90 gm,2025-01-01,6200.0,5700.0,0.0,6700.0,100.0,4133.333333333333,4950.0
Yog- Non Fat,90 gm,2025-02-01,6500.0,6200.0,5700.0,0.0,17400.0,3966.6666666666665,4966.666666666667
Yog- Non Fat,90 gm,2025-03-01,5500.0,6500.0,6200.0,5700.0,13600.0,6133.333333333333,5150.0
Yog- Non Fat,90 gm,2025-04-01,5400.0,5500.0,6500.0,6200.0,5900.0,6066.666666666667,5100.0
Yog- Non Fat,90 gm,2025-05-01,,5400.0,5500.0,6500.0,6200.0,5800.0,4883.333333333333
Yoghurt  - Drinking ,180 ml,2024-01-01,159700.0,0.0,0.0,0.0,0.0,5450.0,5860.0
Yoghurt  - Drinking ,180 ml,2024-02-01,158500.0,159700.0,0.0,0.0,0.0,82550.0,36660.0
Yoghurt  - Drinking ,180 ml,2024-03-01,183500.0,158500.0,159700.0,0.0,0.0,159100.0,67120.0
Yoghurt  - Drinking ,180 ml,2024-04-01,138900.0,183500.0,158500.0,159700.0,0.0,167233.33333333334,102520.0
Yoghurt  - Drinking ,180 ml,2024-05-01,130600.0,138900.0,183500.0,158500.0,0.0,160300.0,129200.0
Yoghurt  - Drinking ,180 ml,2024-06-01,77600.0,130600.0,138900.0,183500.0,0.0,151000.0,154240.0
Yoghurt  - Drinking ,180 ml,2024-07-01,84200.0,77600.0,130600.0,138900.0,0.0,115700.0,141466.66666666666
Yoghurt  - Drinking ,180 ml,2024-08-01,82900.0,84200.0,77600.0,130600.0,0.0,97466.66666666667,128883.33333333333
Yoghurt  - Drinking ,180 ml,2024-09-01,62700.0,82900.0,84200.0,77600.0,0.0,81566.66666666667,116283.33333333333
Yoghurt  - Drinking ,180 ml,2024-10-01,46500.0,62700.0,82900.0,84200.0,0.0,76600.0,96150.0
Yoghurt  - Drinking ,180 ml,2024-11-01,53200.0,46500.0,62700.0,82900.0,0.0,64033.333333333336,80750.0
Yoghurt  - Drinking ,180 ml,2024-12-01,56200.0,53200.0,46500.0,62700.0,0.0,54133.333333333336,67850.0
Yoghurt  - Drinking ,180 ml,2025-01-01,55700.0,56200.0,53200.0,46500.0,159700.0,51966.666666666664,64283.333333333336
Yoghurt  - Drinking ,180 ml,2025-02-01,68700.0,55700.0,56200.0,53200.0,158500.0,55033.333333333336,59533.333333333336
Yoghurt  - Drinking ,180 ml,2025-03-01,63800.0,68700.0,55700.0,56200.0,183500.0,60200.0,57166.666666666664
Yoghurt  - Drinking ,180 ml,2025-04-01,57500.0,63800.0,68700.0,55700.0,138900.0,62733.333333333336,57350.0
Yoghurt  - Drinking ,180 ml,2025-05-01,72100.0,57500.0,63800.0,68700.0,130600.0,63333.333333333336,59183.333333333336
Yoghurt  - Plain ,90 gm,2024-01-01,6806000.0,0.0,0.0,0.0,0.0,60650.0,60380.0
Yoghurt  - Plain ,90 gm,2024-02-01,7001000.0,6806000.0,0.0,0.0,0.0,3431750.0,1410340.0
Yoghurt  - Plain ,90 gm,2024-03-01,7464000.0,7001000.0,6806000.0,0.0,0.0,6903500.0,2799400.0
Yoghurt  - Plain ,90 gm,2024-04-01,6909000.0,7464000.0,7001000.0,6806000.0,0.0,7090333.333333333,4278460.0
Yoghurt  - Plain ,90 gm,2024-05-01,6266000.0,6909000.0,7464000.0,7001000.0,0.0,7124666.666666667,5647500.0
Yoghurt  - Plain ,90 gm,2024-06-01,6280000.0,6266000.0,6909000.0,7464000.0,0.0,6879666.666666667,6889200.0
Yoghurt  - Plain ,90 gm,2024-07-01,7048000.0,6280000.0,6266000.0,6909000.0,0.0,6485000.0,6787666.666666667
Yoghurt  - Plain ,90 gm,2024-08-01,7094000.0,7048000.0,6280000.0,6266000.0,0.0,6531333.333333333,6828000.0
Yoghurt  - Plain ,90 gm,2024-09-01,6821000.0,7094000.0,7048000.0,6280000.0,0.0,6807333.333333333,6843500.0
Yoghurt  - Plain ,90 gm,2024-10-01,6833000.0,6821000.0,7094000.0,7048000.0,0.0,6987666.666666667,6736333.333333333
Yoghurt  - Plain ,90 gm,2024-11-01,6063000.0,6833000.0,6821000.0,7094000.0,0.0,6916000.0,6723666.666666667
Yoghurt  - Plain ,90 gm,2024-12-01,7025000.0,6063000.0,6833000.0,6821000.0,0.0,6572333.333333333,6689833.333333333
Yoghurt  - Plain ,90 gm,2025-01-01,6454400.0,7025000.0,6063000.0,6833000.0,6806000.0,6640333.333333333,6814000.0
Yoghurt  - Plain ,90 gm,2025-02-01,6890200.0,6454400.0,7025000.0,6063000.0,7001000.0,6514133.333333333,6715066.666666667
Yoghurt  - Plain ,90 gm,2025-03-01,6807000.0,6890200.0,6454400.0,7025000.0,7464000.0,6789866.666666667,6681100.0
Yoghurt  - Plain ,90 gm,2025-04-01,7047900.0,6807000.0,6890200.0,6454400.0,6909000.0,6717200.0,6678766.666666667
Yoghurt  - Plain ,90 gm,2025-05-01,7338600.0,7047900.0,6807000.0,6890200.0,6266000.0,6915033.333333333,6714583.333333333
